-- --------------------------------------------------------
-- Хост:                         localhost
-- Версия сервера:               5.5.31-1~dotdeb.0 - (Debian)
-- ОС Сервера:                   debian-linux-gnu
-- HeidiSQL Версия:              8.3.0.4694
-- --------------------------------------------------------

/*!40101 SET @OLD_CHARACTER_SET_CLIENT=@@CHARACTER_SET_CLIENT */;
/*!40101 SET NAMES utf8 */;
/*!40014 SET @OLD_FOREIGN_KEY_CHECKS=@@FOREIGN_KEY_CHECKS, FOREIGN_KEY_CHECKS=0 */;
/*!40101 SET @OLD_SQL_MODE=@@SQL_MODE, SQL_MODE='NO_AUTO_VALUE_ON_ZERO' */;

-- Дамп структуры для таблица cinema.yii_cinema
CREATE TABLE IF NOT EXISTS `yii_cinema` (
  `id` int(10) unsigned NOT NULL AUTO_INCREMENT,
  `title` varchar(50) NOT NULL,
  `status` enum('ACTIVE','INACTIVE') NOT NULL DEFAULT 'ACTIVE',
  PRIMARY KEY (`id`),
  KEY `title` (`title`)
) ENGINE=InnoDB AUTO_INCREMENT=4 DEFAULT CHARSET=utf8;

-- Дамп данных таблицы cinema.yii_cinema: ~3 rows (приблизительно)
/*!40000 ALTER TABLE `yii_cinema` DISABLE KEYS */;
INSERT INTO `yii_cinema` (`id`, `title`, `status`) VALUES
	(1, 'Столица', 'ACTIVE'),
	(2, 'Deluxe Cinema', 'ACTIVE'),
	(3, 'Mega', 'ACTIVE');
/*!40000 ALTER TABLE `yii_cinema` ENABLE KEYS */;


-- Дамп структуры для таблица cinema.yii_cinema_hall
CREATE TABLE IF NOT EXISTS `yii_cinema_hall` (
  `id` int(10) unsigned NOT NULL AUTO_INCREMENT,
  `cinema_id` int(10) unsigned NOT NULL,
  `title` varchar(255) NOT NULL,
  `places` char(255) NOT NULL,
  `status` enum('ACTIVE','INACTIVE') NOT NULL DEFAULT 'ACTIVE',
  PRIMARY KEY (`id`),
  KEY `fk_cinema_indx` (`cinema_id`),
  KEY `title` (`title`),
  CONSTRAINT `fk_cinema_indx` FOREIGN KEY (`cinema_id`) REFERENCES `yii_cinema` (`id`) ON DELETE CASCADE ON UPDATE CASCADE
) ENGINE=InnoDB AUTO_INCREMENT=8 DEFAULT CHARSET=utf8;

-- Дамп данных таблицы cinema.yii_cinema_hall: ~6 rows (приблизительно)
/*!40000 ALTER TABLE `yii_cinema_hall` DISABLE KEYS */;
INSERT INTO `yii_cinema_hall` (`id`, `cinema_id`, `title`, `places`, `status`) VALUES
	(1, 3, 'зал 1', '100', 'ACTIVE'),
	(2, 3, 'зал 2', '245', 'ACTIVE'),
	(3, 1, 'зал 1', '125', 'ACTIVE'),
	(5, 1, 'зал 2', '180', 'ACTIVE'),
	(6, 2, 'зал 1', '200', 'ACTIVE'),
	(7, 2, 'зал 2', '190', 'ACTIVE');
/*!40000 ALTER TABLE `yii_cinema_hall` ENABLE KEYS */;


-- Дамп структуры для таблица cinema.yii_mm_cinema_hall_movie
CREATE TABLE IF NOT EXISTS `yii_mm_cinema_hall_movie` (
  `cinema_hall_id` int(10) unsigned NOT NULL,
  `movie_id` int(10) unsigned NOT NULL,
  `seance_id` int(10) unsigned NOT NULL,
  PRIMARY KEY (`cinema_hall_id`,`movie_id`,`seance_id`),
  UNIQUE KEY `seance_id` (`seance_id`),
  KEY `fk_movie_indx` (`movie_id`),
  CONSTRAINT `fk_seance_indx3` FOREIGN KEY (`seance_id`) REFERENCES `yii_seance` (`id`) ON DELETE CASCADE ON UPDATE CASCADE,
  CONSTRAINT `fk_cinema_hall_indx` FOREIGN KEY (`cinema_hall_id`) REFERENCES `yii_cinema_hall` (`id`) ON DELETE CASCADE ON UPDATE CASCADE,
  CONSTRAINT `fk_movie_indx` FOREIGN KEY (`movie_id`) REFERENCES `yii_movie` (`id`) ON DELETE CASCADE ON UPDATE CASCADE
) ENGINE=InnoDB DEFAULT CHARSET=utf8;

-- Дамп данных таблицы cinema.yii_mm_cinema_hall_movie: ~9 rows (приблизительно)
/*!40000 ALTER TABLE `yii_mm_cinema_hall_movie` DISABLE KEYS */;
INSERT INTO `yii_mm_cinema_hall_movie` (`cinema_hall_id`, `movie_id`, `seance_id`) VALUES
	(1, 1, 1),
	(1, 2, 2),
	(1, 2, 3),
	(2, 2, 4),
	(2, 2, 5),
	(5, 2, 6),
	(5, 2, 7),
	(6, 4, 8),
	(5, 5, 9);
/*!40000 ALTER TABLE `yii_mm_cinema_hall_movie` ENABLE KEYS */;


-- Дамп структуры для таблица cinema.yii_movie
CREATE TABLE IF NOT EXISTS `yii_movie` (
  `id` int(10) unsigned NOT NULL AUTO_INCREMENT,
  `title` varchar(50) NOT NULL,
  `status` enum('ACTIVE','INACTIVE') NOT NULL DEFAULT 'ACTIVE',
  PRIMARY KEY (`id`),
  KEY `title` (`title`)
) ENGINE=InnoDB AUTO_INCREMENT=6 DEFAULT CHARSET=utf8;

-- Дамп данных таблицы cinema.yii_movie: ~5 rows (приблизительно)
/*!40000 ALTER TABLE `yii_movie` DISABLE KEYS */;
INSERT INTO `yii_movie` (`id`, `title`, `status`) VALUES
	(1, 'Годзилла', 'ACTIVE'),
	(2, 'Люди Икс: Дни минувшего будущего 3D', 'ACTIVE'),
	(3, 'Малефисента 3D', 'ACTIVE'),
	(4, 'Подарок с характером', 'ACTIVE'),
	(5, 'Соседи. На тропе войны', 'ACTIVE');
/*!40000 ALTER TABLE `yii_movie` ENABLE KEYS */;


-- Дамп структуры для таблица cinema.yii_order
CREATE TABLE IF NOT EXISTS `yii_order` (
  `id` int(10) unsigned NOT NULL AUTO_INCREMENT,
  `hash` varchar(128) NOT NULL,
  `tickets` varchar(255) NOT NULL,
  `date` datetime DEFAULT NULL,
  `seance_date` datetime DEFAULT NULL,
  PRIMARY KEY (`id`),
  UNIQUE KEY `hash` (`hash`)
) ENGINE=InnoDB AUTO_INCREMENT=3 DEFAULT CHARSET=utf8;

-- Дамп данных таблицы cinema.yii_order: ~0 rows (приблизительно)
/*!40000 ALTER TABLE `yii_order` DISABLE KEYS */;
/*!40000 ALTER TABLE `yii_order` ENABLE KEYS */;


-- Дамп структуры для таблица cinema.yii_seance
CREATE TABLE IF NOT EXISTS `yii_seance` (
  `id` int(10) unsigned NOT NULL AUTO_INCREMENT,
  `price` varchar(6) DEFAULT NULL,
  `date` datetime NOT NULL,
  `status` enum('ACTIVE','INACTIVE') NOT NULL DEFAULT 'ACTIVE',
  PRIMARY KEY (`id`),
  KEY `date` (`date`)
) ENGINE=InnoDB AUTO_INCREMENT=10 DEFAULT CHARSET=utf8;

-- Дамп данных таблицы cinema.yii_seance: ~9 rows (приблизительно)
/*!40000 ALTER TABLE `yii_seance` DISABLE KEYS */;
INSERT INTO `yii_seance` (`id`, `price`, `date`, `status`) VALUES
	(1, '200', '2014-06-06 19:35:00', 'ACTIVE'),
	(2, '250', '2014-06-04 21:35:00', 'ACTIVE'),
	(3, '150', '2014-06-06 14:30:26', 'ACTIVE'),
	(4, '221', '2014-06-06 15:51:06', 'ACTIVE'),
	(5, '155', '2014-06-06 16:50:14', 'ACTIVE'),
	(6, '412', '2014-06-05 19:50:35', 'ACTIVE'),
	(7, '249', '2014-06-07 15:50:59', 'ACTIVE'),
	(8, '112', '2014-06-05 11:52:18', 'ACTIVE'),
	(9, '155', '2014-06-05 12:52:32', 'ACTIVE');
/*!40000 ALTER TABLE `yii_seance` ENABLE KEYS */;


-- Дамп структуры для таблица cinema.yii_seance_place
CREATE TABLE IF NOT EXISTS `yii_seance_place` (
  `id` int(10) unsigned NOT NULL AUTO_INCREMENT,
  `cinema_hall_id` int(10) unsigned NOT NULL,
  `seance_id` int(10) unsigned NOT NULL,
  `place` char(255) NOT NULL,
  PRIMARY KEY (`id`),
  KEY `fk_cinema_hall_indx2` (`cinema_hall_id`),
  KEY `fk_seance_indx` (`seance_id`),
  CONSTRAINT `fk_cinema_hall_indx2` FOREIGN KEY (`cinema_hall_id`) REFERENCES `yii_cinema_hall` (`id`) ON DELETE CASCADE ON UPDATE CASCADE,
  CONSTRAINT `fk_seance_indx` FOREIGN KEY (`seance_id`) REFERENCES `yii_seance` (`id`) ON DELETE CASCADE ON UPDATE CASCADE
) ENGINE=InnoDB AUTO_INCREMENT=5 DEFAULT CHARSET=utf8;

-- Дамп данных таблицы cinema.yii_seance_place: ~0 rows (приблизительно)
/*!40000 ALTER TABLE `yii_seance_place` DISABLE KEYS */;
/*!40000 ALTER TABLE `yii_seance_place` ENABLE KEYS */;


-- Дамп структуры для таблица cinema.yii_sessions
CREATE TABLE IF NOT EXISTS `yii_sessions` (
  `id` char(32) NOT NULL,
  `expire` int(11) DEFAULT NULL,
  `data` text,
  `last_activity` datetime DEFAULT NULL,
  PRIMARY KEY (`id`),
  KEY `last_activity` (`last_activity`),
  KEY `expire` (`expire`)
) ENGINE=InnoDB DEFAULT CHARSET=utf8;

-- Дамп данных таблицы cinema.yii_sessions: ~1 221 rows (приблизительно)
/*!40000 ALTER TABLE `yii_sessions` DISABLE KEYS */;
INSERT INTO `yii_sessions` (`id`, `expire`, `data`, `last_activity`) VALUES
	('01oaqr3iredoddhj0ipnjlt040', 1387761036, '', NULL),
	('02b9kvrnh18bhj23gkgbh0obt6', 1388486818, '', NULL),
	('03rrlf10napsj6q7nfprio96k1', 1386706372, '8d03aba22dbb3ff091b823d1eb7d07aa__returnUrl|s:17:"/admin/user/index";', NULL),
	('057d0gmlake6pvr39ejj0gord1', 1387768319, '', NULL),
	('074ifopv3ohk0othgcgqi6gqb1', 1386844385, '8d03aba22dbb3ff091b823d1eb7d07aa__id|s:2:"77";8d03aba22dbb3ff091b823d1eb7d07aa__name|s:5:"Guest";8d03aba22dbb3ff091b823d1eb7d07aa__states|a:0:{}', NULL),
	('07c3f9gpl0ddu0j0vuqhei66h4', 1388244146, '8d03aba22dbb3ff091b823d1eb7d07aa__id|s:2:"77";8d03aba22dbb3ff091b823d1eb7d07aa__states|a:0:{}', NULL),
	('08v5idh77jnql93odl7s69eko1', 1387274048, '', NULL),
	('0a5avob4i4uud744pmmnb5uog7', 1388185601, '', NULL),
	('0alc669mlliscomouqmlic2re7', 1387650088, '', NULL),
	('0ar032f0t25ht1727gogum5bd7', 1387652353, '', NULL),
	('0ardcbj0137ifn7mlrhc3udoh3', 1386457306, '8d03aba22dbb3ff091b823d1eb7d07aa__returnUrl|s:24:"/admin/injustices/search";', NULL),
	('0bhag9d37jru6d01g378cgiov5', 1387117954, '', NULL),
	('0bl0efvs8an734h8trqo3koq95', 1388469166, '', NULL),
	('0c325hdcu3qv2hmfqau6h5mm46', 1386738346, '', NULL),
	('0cot58qp9jv80i02u1eujbq230', 1386702894, '', NULL),
	('0ejif2entlniuthm6as17nmd85', 1387890130, '', NULL),
	('0g4ulnmo04o0bi46svg3180pb3', 1388188897, '', NULL),
	('0g7io9cs1keannkr4b1821o3u4', 1387578587, '', NULL),
	('0hc8bc54ongumpdd9eqdkmg3u0', 1388471513, '', NULL),
	('0l17lhntv5vgta9pf4udejtno7', 1386241927, '', NULL),
	('0lgqtc4bq9bhvvfc5bjh16ujh5', 1388316381, '', NULL),
	('0mrn3d2e08l03gs06ou9so36m7', 1388141564, '', NULL),
	('0olbfftf1o4q3a8vec4e7hhad0', 1387355080, '8d03aba22dbb3ff091b823d1eb7d07aa__id|s:2:"77";8d03aba22dbb3ff091b823d1eb7d07aa__states|a:0:{}8d03aba22dbb3ff091b823d1eb7d07aamessage|s:0:"";', NULL),
	('0r62j8m8vhdllnlv10hru41ht4', 1388693984, '', NULL),
	('0rs55sfmtgia42r3m49pv76gq7', 1388248080, '', NULL),
	('0s6g59mvqi1fog37eapr0r1lp0', 1387366092, '', NULL),
	('0thacr582mj16umrf79hfotng3', 1387652152, '', NULL),
	('0uj5jfku5f8to9cjujnqrlnqp0', 1386612356, '', NULL),
	('1043lkhjthf215i6nud9ppnjh6', 1387833232, '', NULL),
	('105uoq4usg08osf5l53r9aj0j2', 1386850841, '8d03aba22dbb3ff091b823d1eb7d07aa__id|s:2:"77";8d03aba22dbb3ff091b823d1eb7d07aa__name|s:5:"Guest";8d03aba22dbb3ff091b823d1eb7d07aa__states|a:0:{}', NULL),
	('119068dijit4f449dk9p9creu3', 1387712023, '', NULL),
	('11sq0b9hr57u6dlck7hg8eehf2', 1386921339, '', NULL),
	('120rpf6i6a71e821ckgfrvmoe7', 1387621550, '', NULL),
	('12d7j1iag550sov1iv3koiruv1', 1387730064, '', NULL),
	('12nm774ish5d8fe1o5bf0jvg15', 1387313139, '', NULL),
	('14r9m6eu9dcmmgab2t5ue3c833', 1386704169, '', NULL),
	('15mkon97bji5hpg7de41qrl574', 1387787198, '', NULL),
	('15oddd5dn8jotu2dnbi43lees0', 1388129169, '', NULL),
	('161qu6hsgo5u71vff913cvobs1', 1387392972, '', NULL),
	('16dcatf0q26rogo123j6t1s571', 1386671067, '', NULL),
	('1757ved8piu5bt2kv1srq31l31', 1386466250, '', NULL),
	('17fsv44g6coqjctvgbvnh4ck03', 1388321832, '', NULL),
	('187saekj8oa2chelpkoseu4as1', 1386703852, '8d03aba22dbb3ff091b823d1eb7d07aa__returnUrl|s:27:"/srbac/authitem/assignments";', NULL),
	('18bh4p53tlla235tt06lprk0a0', 1386673204, '', NULL),
	('1bnm19u5ipul5nhffbn0e6ol71', 1388423040, '', NULL),
	('1buabkh6epp3qrf02lk5v7o9i3', 1386407064, '', NULL),
	('1e83m6ucsnjtoq7vph498oack1', 1386404320, '', NULL),
	('1eddql476iv430f4jj1uks4m76', 1386791663, '', NULL),
	('1ejs91lru0hedd9hcise986av1', 1386770131, '', NULL),
	('1g56jk0401r0cqjnjpqusfr4q2', 1386685346, '', NULL),
	('1grdfu2mu02d7k18o6ga091mq0', 1386409010, '', NULL),
	('1h1ivp1th5vei51688n0mokg80', 1387816891, '', NULL),
	('1hs48r3pb2s64dbvhbme3cddk5', 1386678127, '', NULL),
	('1iroe58obggl9l1g010il77mv5', 1386408535, '', NULL),
	('1j3cutapp429e6tv2rh31d69v6', 1386389023, '', NULL),
	('1jq3i74550j13org71bfbs1506', 1386696188, '', NULL),
	('1lh81j74sr5gcku1mraffe0c62', 1388677973, '', NULL),
	('1pi34f5aoj9ome6tmjr9aqc8d6', 1387704791, '', NULL),
	('1ppjnvqc2u0g0ef4gdf6d4r880', 1388129107, '', NULL),
	('1q19il4p1vqgjn445cljtrkvr3', 1386171460, '', NULL),
	('1qqf1n329m5q9neioeophnnmu4', 1386282326, '', NULL),
	('1r1k4991imokv82naerpjac643', 1386529091, '', NULL),
	('1tit7lb120k9ag9n562044r3f2', 1386177788, '', NULL),
	('1uot0jsiq8gjmor640qg1l0h25', 1386698429, '', NULL),
	('1uuc7snkck5robgf3ni56gcv91', 1386920145, '', NULL),
	('1vrikosece9gljagm6u4vmlq90', 1402476652, 'C-7qUcTjOkPGKt1nYTITEkOiitZPEPekgC7F0wxQwzSQOYsQjXXE13OTIj2ZYfFMS3iExTyWkYSpULLWfbtzDq3-TiM9PCNEEebKtyVkkZM.', NULL),
	('22r0nf74j83gs5h0mt2ma79ho4', 1386253828, '', NULL),
	('22ugbledqciksq22sjv61hea62', 1386461346, '8d03aba22dbb3ff091b823d1eb7d07aa__returnUrl|s:6:"/admin";', NULL),
	('238vfod3g03v0hamn8j5vfi4p3', 1387608252, '', NULL),
	('257njrikgmblveicm33c3nlct0', 1388601896, '', NULL),
	('26qimq4tacbi05fjtep458s136', 1387239665, '', NULL),
	('27kehevdpjinrskb1bbs98od01', 1386782557, '', NULL),
	('28g04aoi91ge8kgd0o8nie5l66', 1387812096, '', NULL),
	('29eor4c1a197a73d24phs6eci4', 1387360019, '', NULL),
	('2aben4ebatumv2nv4th7u3vb50', 1387411717, '', NULL),
	('2afunar7bjumbfi5l8c5ud2h00', 1386811978, '', NULL),
	('2esa3ujarhh7uhn3hanp14l525', 1386237225, '8d03aba22dbb3ff091b823d1eb7d07aa__id|s:3:"110";8d03aba22dbb3ff091b823d1eb7d07aa__states|a:0:{}', NULL),
	('2fkff5q80t8lou9idljqhlr664', 1387154440, '8d03aba22dbb3ff091b823d1eb7d07aa__returnUrl|s:25:"/admin/user/update?id=113";', NULL),
	('2fp5et83l917s1l4mcr0qbi807', 1386161518, '', NULL),
	('2hdhsjnhvkdjjfp91dlkqrvjp6', 1387669170, 'injustice_id|N;injustice_finish|N;8d03aba22dbb3ff091b823d1eb7d07aa__id|s:3:"114";8d03aba22dbb3ff091b823d1eb7d07aa__states|a:0:{}', NULL),
	('2iueu5gh3a2k5u1nb0g7uqj104', 1386671760, '', NULL),
	('2jra94e03bi3hrnh1ik69cip31', 1388453689, '', NULL),
	('2jsg3uvb30uik9i600jt2o16i1', 1386668656, '', NULL),
	('2lnvk98us0t2qotg3crjjaal46', 1387780341, '', NULL),
	('2mijesmma3hl16auiqp7ndf830', 1386859437, '8d03aba22dbb3ff091b823d1eb7d07aa__id|s:2:"77";8d03aba22dbb3ff091b823d1eb7d07aa__name|s:5:"Guest";8d03aba22dbb3ff091b823d1eb7d07aa__states|a:0:{}', NULL),
	('2mjqtnmiet9jhl9bq49smh5e54', 1387091290, '8d03aba22dbb3ff091b823d1eb7d07aa__id|s:3:"112";8d03aba22dbb3ff091b823d1eb7d07aa__name|s:5:"Guest";8d03aba22dbb3ff091b823d1eb7d07aa__states|a:0:{}', NULL),
	('2muqar5k7qa79i84bn42cim571', 1387715585, '', NULL),
	('2nna07ehj1rn066eoh1b8n1m43', 1387417953, '8d03aba22dbb3ff091b823d1eb7d07aa__returnUrl|s:23:"/admin/injustices/index";', NULL),
	('2ocgmqvpdf4diin3kceqh46i13', 1388693978, '', NULL),
	('2oh7tnmrh87qmklgfe6b7ogdm2', 1386611772, '', NULL),
	('2ov23ivsge7rt52gm9ibrq0ls4', 1388249441, '', NULL),
	('2pslahajotk0fg0qoe2tmmfhp1', 1387661698, '', NULL),
	('2pu1fql6mabsj7i5pd6av0d682', 1387712125, '', NULL),
	('2s66hj1v16elfg5240l2oufat7', 1386493736, '', NULL),
	('2t1p1kinsv73dlk0er37geatm1', 1388340130, '', NULL),
	('2t27fb36j4dst2hi2km2a2ed67', 1387977439, '', NULL),
	('2ti62hfuf7ra9j581vn76hksp1', 1387683224, '', NULL),
	('2toqgg768cvvbmimo6elvduaa0', 1387914905, '', NULL),
	('2u1r2cj6jpq5jigvisjtr22567', 1387187603, '', NULL),
	('2vapmb7tp5gc8v5c2lm2pc7tp2', 1388675036, '', NULL),
	('31tnh67vcdun76lie0jb9r92n6', 1388204001, '', NULL),
	('35ou27cde2n57ok1hdp8aift20', 1387812892, '', NULL),
	('35tga6rpc6oo2vh8of5nrbq932', 1386402526, '', NULL),
	('362spq7keia1bc9p9ubm4qsa15', 1387890121, '', NULL),
	('37chlpdu7jm0mbdt69fkia3ql5', 1386672468, '', NULL),
	('380kucijltla4dur646skfoqj5', 1388026254, '', NULL),
	('38la8973o6ti0o5u9en52c3mq5', 1388336991, '', NULL),
	('38p02a99llkat5pala9h2spbt6', 1388125371, '', NULL),
	('396g5mluggagboqc19aofu0365', 1388502537, '', NULL),
	('39ddqmcdlqqtjjmnp50aqe1240', 1386247326, '', NULL),
	('39p3eu6pfmo8h4glmqh90ldqj4', 1386408589, '', NULL),
	('3am5cibljv4oqtnvmri586vda2', 1386659149, '', NULL),
	('3bid4hm7e77dfql13egdt7de01', 1387808969, '', NULL),
	('3d1iuulo21sohj50aqg7dr9es7', 1386763087, '', NULL),
	('3gnhpkcdkcmab999jqublo4p45', 1387879459, '', NULL),
	('3gu158up9v0gnmi4a5akh8qfc3', 1386402122, '', NULL),
	('3hhc17piue962bfdd8f8s0mq22', 1388611614, '', NULL),
	('3juqcd409pjoeudn08cqbattb6', 1402056224, '', NULL),
	('3kfgtaba32jbs3mvu5cq3peqe4', 1387649706, '', NULL),
	('3knnu351orlhoudl95dof8g157', 1386554244, '', NULL),
	('3m5fqhfps9fa0f6je7h5hdq8s7', 1387789206, '', NULL),
	('3nht3r9k46c3jdf75uv883j213', 1386686735, '', NULL),
	('3obmj925eevlvf83t9rn23i6a1', 1386165703, '', NULL),
	('3p2afj5r1coad5qsusb40jj3b6', 1386682950, '', NULL),
	('3purce9e6vlma0h0k27c0dst66', 1386704473, '', NULL),
	('3q8ivo62h2c3lsjp1lg64v8h22', 1388412670, '', NULL),
	('3qab04qreq05ud7aavvikpb472', 1386699755, '', NULL),
	('3qudvr67ieecvofc9g3q063cq5', 1388129110, '', NULL),
	('3rrncadv9jj7bmoffbgl1l49m0', 1386672124, '', NULL),
	('3s4a0haju9ppgs5s7b7hhpmon3', 1388547054, '', NULL),
	('3u9bchgj6urcpf9ldvuoo45l57', 1387772308, '', NULL),
	('3vs79h1hcge7hadi386fvfm5h4', 1388472320, '', NULL),
	('40n8s4r46apaluipoaad3nop90', 1387814091, '', NULL),
	('418b0rl780jbmf608oul21sna2', 1386800693, '', NULL),
	('445dcatd8a80bu71gmvuh5d093', 1386605581, '', NULL),
	('45me6padsasskbujcas8g8u3q5', 1387012222, 'injustice_id|s:3:"277";injustice_finish|i:1;', NULL),
	('45pvuai0gd8md5imff4e8uvku1', 1386174558, '', NULL),
	('46of6p4s0vn0t8kgnllq43cfm4', 1388167140, '', NULL),
	('4a7hl0ulqnoefi5d90a6quo7o3', 1402485698, 'ZbPm0YsYt7TZdNNzLzMoGZCjjtFInSqhbwdarKhSK9ucPQvRMHirNuxLJ6yQIwN9tyWigRcMr9tT8kCLXmOupOF4dXAHwCyvjA_e3IXRjmSbrKpjoymsfwpX5TwtqyZ2Ehqb7nWnotT5UTsOREuL5rVNoJte6h76T7Ss5Rs_Gx8.', NULL),
	('4bdluh51l1ebljjj8cnn36oaq0', 1387677159, '', NULL),
	('4c70vkqo4brqv4vttaq9con874', 1388170806, '', NULL),
	('4cb77lq0ek1vlsurdce0k51s45', 1388092146, '', NULL),
	('4elt41j0bg8qtq88c6gjuhs7r0', 1387337444, '', NULL),
	('4fqn4vm5qhgi07rr1ifrcp3il4', 1386690460, '', NULL),
	('4gdkl1j1o9bfrsc1uur81u1075', 1388235035, '', NULL),
	('4gqch6751n57o8vbsc04so26i1', 1388695541, '', NULL),
	('4imko5tbbg4t88r40cc3nuilb4', 1388249528, '', NULL),
	('4isqddi3k05rb16ccp6l20hfj2', 1387030036, '8d03aba22dbb3ff091b823d1eb7d07aa__id|s:2:"77";8d03aba22dbb3ff091b823d1eb7d07aa__states|a:0:{}8d03aba22dbb3ff091b823d1eb7d07aaselectedType|s:0:"";8d03aba22dbb3ff091b823d1eb7d07aacurrentPage|i:-1;8d03aba22dbb3ff091b823d1eb7d07aamessage|s:0:"";', NULL),
	('4jamqb7a3nbk0588prcfmsf597', 1386695828, '', NULL),
	('4jpordradrd1cqf8kgaocjh3d4', 1386928713, '', NULL),
	('4k9ivo6na2ftaq2guvo36fiv80', 1402056295, 'C-7qUcTjOkPGKt1nYTITEkOiitZPEPekgC7F0wxQwzSQOYsQjXXE13OTIj2ZYfFMS3iExTyWkYSpULLWfbtzDq3-TiM9PCNEEebKtyVkkZM.', NULL),
	('4m39dcef0t2c5b337knag22cr3', 1386783787, '', NULL),
	('4n80mpa5dm5v1uuhlukim1bk83', 1386477899, '', NULL),
	('4n955jj5hh1gsv8muoej5nabg1', 1388552853, '', NULL),
	('4o1510obivsvnsglg29qv52ca2', 1386684676, '', NULL),
	('4os5u56jg38mguq6r95m8ah191', 1387045649, '', NULL),
	('4tltufcmj8dl8c82bj4s5be1f5', 1387009393, '8d03aba22dbb3ff091b823d1eb7d07aa__id|s:3:"113";8d03aba22dbb3ff091b823d1eb7d07aa__states|a:0:{}injustice_id|s:3:"275";8d03aba22dbb3ff091b823d1eb7d07aaassets|a:2:{s:36:"0f68bc1c0d85f1fd542e8a48f7102204.jpg";a:9:{s:4:"path";s:93:"/home/www/vhosts/nespravedlivost.ru/httpdocs/uploads/tmp/0f68bc1c0d85f1fd542e8a48f7102204.jpg";s:13:"video_preview";N;s:5:"thumb";s:56:"/uploads/tmp/thumbs/0f68bc1c0d85f1fd542e8a48f7102204.jpg";s:8:"filename";s:36:"0f68bc1c0d85f1fd542e8a48f7102204.jpg";s:4:"size";i:90579;s:4:"mime";s:10:"image/jpeg";s:4:"name";s:31:"Toon_Landia_1280x800-988928.jpg";s:10:"state_name";s:6:"assets";s:10:"delete_url";s:93:"/injustices/upload?_method=delete&file=0f68bc1c0d85f1fd542e8a48f7102204.jpg&state_name=assets";}s:36:"94927718895b7ce5af001762c942c332.jpg";a:9:{s:4:"path";s:93:"/home/www/vhosts/nespravedlivost.ru/httpdocs/uploads/tmp/94927718895b7ce5af001762c942c332.jpg";s:13:"video_preview";N;s:5:"thumb";s:56:"/uploads/tmp/thumbs/94927718895b7ce5af001762c942c332.jpg";s:8:"filename";s:36:"94927718895b7ce5af001762c942c332.jpg";s:4:"size";i:879394;s:4:"mime";s:10:"image/jpeg";s:4:"name";s:17:"Chrysanthemum.jpg";s:10:"state_name";s:6:"assets";s:10:"delete_url";s:93:"/injustices/upload?_method=delete&file=94927718895b7ce5af001762c942c332.jpg&state_name=assets";}}', NULL),
	('4up06vii3b7mjn1d49rc3r4bj1', 1388558195, '', NULL),
	('50kngft5mdmthgkbg077e2nit5', 1386707652, '', NULL),
	('51n547kl20b70d7jumj2ajjar5', 1387493832, '', NULL),
	('53muoff1v5mfc893kdjla2slp4', 1386612356, '', NULL),
	('5555u92k11o0p876u9qh4024j2', 1386418111, '8d03aba22dbb3ff091b823d1eb7d07aa__returnUrl|s:23:"/admin/injustices/index";', NULL),
	('55vqmojha3dca5jpfs4jimcnb2', 1387752037, '', NULL),
	('57s29n6bstqpo52ahjd43hepq7', 1387650809, '', NULL),
	('5ac2ne3se1o7933o79bc4ao4f6', 1386707962, '', NULL),
	('5ahaitu5kuekrfbsa72lsco712', 1388301600, '', NULL),
	('5b2mph3fioi1oc8plgrjam1u31', 1386801032, '', NULL),
	('5bvq1hi1nj3rb3u3badna8fpu0', 1387625895, '', NULL),
	('5c24kq3e8v7t4sjbmiujf52lc5', 1386842429, '', NULL),
	('5cqqte57b32dsrljbja98cb9f0', 1387935796, '', NULL),
	('5ehll81g1lgnaclo0jhm2p7861', 1388429279, '', NULL),
	('5g4c2qp2omk1937qkrpekh4s10', 1386403855, '', NULL),
	('5j1b32mqmb22mdnn2gtbls5se5', 1386243102, '', NULL),
	('5j65185im7ura278mg0mu7ed97', 1388179638, '', NULL),
	('5mv1g6ukb45vj5h6cr45396h66', 1386223837, '', NULL),
	('5n67a41dhlj5aa5qofe06vaad5', 1388406177, '', NULL),
	('5p91ldp9ntm486tvdrii0kfsl3', 1388475308, '', NULL),
	('5pjmi4una0n19oobku0uk9gno4', 1386418120, '', NULL),
	('5q1b6mgtfpj7mmerfmsf9d5ea7', 1388214899, '', NULL),
	('5r5rone1sjhp4kj5npj0gfl221', 1388231885, '', NULL),
	('5rh3otctu89sa7g5cr5ode4cn7', 1388491688, '', NULL),
	('5rmp62ea5o9rq36rdi1506dde3', 1386986429, '', NULL),
	('5s7r5edgsd03m204qclg1c9vt0', 1387068788, '', NULL),
	('5uihjl8mrjvej73ices5hu25h0', 1387441066, '', NULL),
	('5undehro9s56cjkcpoof8353s2', 1386667643, '', NULL),
	('5vqhojlm2mip5lr4cnghnvtfu7', 1387889662, '', NULL),
	('602vji5nm63t9i32q9p9evtlh6', 1387807263, '', NULL),
	('60gqcqjskvqjaevkdu5h1nrdt0', 1386747925, '', NULL),
	('61gfdrtvkbv7iujgn7umct6u63', 1386405608, '', NULL),
	('61h4hiei0s5c99u70003kj0bn5', 1386667975, '', NULL),
	('62gsrj29goko324vobtdipbeq0', 1387028273, '8d03aba22dbb3ff091b823d1eb7d07aa__id|s:3:"106";8d03aba22dbb3ff091b823d1eb7d07aa__states|a:0:{}8d03aba22dbb3ff091b823d1eb7d07aaYii.CWebUser.flashcounters|a:0:{}', NULL),
	('665ejg12c3ffm3hn2indn75356', 1402056237, 'C-7qUcTjOkPGKt1nYTITEkOiitZPEPekgC7F0wxQwzSQOYsQjXXE13OTIj2ZYfFMS3iExTyWkYSpULLWfbtzDq3-TiM9PCNEEebKtyVkkZM.', NULL),
	('68qlhnk1kc91cde9ciilqdgno1', 1386553131, '', NULL),
	('6abjld7n3o5ck92nme0nkff2c6', 1402599610, '93p1wNOZfJ8LxTMsguXSMhb2d0QlfxIYfDeQocv2AfJ0TCNdmXjAgGvWRMp3ov4hzoAZN_EZjhF1JLF6-ZVbeoduJwbjOmz642ISazgsuI_LhJLWWBOK4-sdZXI3mK5-1E1DFd20QFucgGcqEFYqDeHQvlYkbXm8Ta3WAbNKtyKu66xSzDPjqt8U2jTG8G25eZ2dRERW4byERx5sV10f9VJhBP2q1bnH9rxwyWIoNis.', NULL),
	('6bae2dfp2pi3eqotmn2dmo92e5', 1387094568, '', NULL),
	('6c45hjkru3gh50o7slrqkvng54', 1387977442, '', NULL),
	('6e56nc4khb36efml1o1ht4meb0', 1386407058, '8d03aba22dbb3ff091b823d1eb7d07aa__returnUrl|s:23:"/admin/injustices/index";', NULL),
	('6fvrcr4791vi6c6b6qntkt3jp6', 1388677983, '', NULL),
	('6idc9uair0jsf29472ddauhmp4', 1386793546, '', NULL),
	('6iu5p4dl345l4l70e1d9as8eg6', 1387110013, '', NULL),
	('6jjre24ps6mttt7mtrjr9h8pc5', 1388239863, '', NULL),
	('6jormtj8qgrja4dumsq308jfs2', 1386687855, '', NULL),
	('6lq0tpi4opafprkhbrv39gnhk7', 1387330085, '', NULL),
	('6mkui8u3dfc5cdadu9it709sk3', 1388029039, '', NULL),
	('6mpq33a771u7rkv7n8egogbto6', 1387650029, '', NULL),
	('6oqmi9atf383j1h3pfbn9klpm3', 1387560882, '', NULL),
	('6q2cl4khotuf4cnhkaboev15i2', 1388305425, '', NULL),
	('6qc7g95nr8suklhme753il0bu7', 1388674884, '', NULL),
	('6qp18ciak3lbend491pusrd6m7', 1387980602, '', NULL),
	('70vo6c014fol3kt99tp75n9sd6', 1386162123, '', NULL),
	('71amv5a7dfc3jpj8gb48j4icp4', 1386178596, '', NULL),
	('71qjd2j9p6f74j6ui4u7ugugo7', 1386944049, '', NULL),
	('730h6cfokn05jiim6galqh9tj2', 1386378744, '', NULL),
	('73cg9da3cn3vl15j67fqlhhtu2', 1386322688, '', NULL),
	('74mdo6rd85bp5dor87au6rtao2', 1386950332, '', NULL),
	('75umc7kndmuqf3i2tve6naoar3', 1386481695, '', NULL),
	('75vl3ntmbve06b9b8mpge3gpa2', 1387994128, '', NULL),
	('76gvc7bim6sq5h5v6a19skvle4', 1387039791, '', NULL),
	('76shaq93fto9s3sg3nea2ral21', 1386518618, '8d03aba22dbb3ff091b823d1eb7d07aa__returnUrl|s:29:"/admin/victories/update?id=48";', NULL),
	('7704vkea2nrk7il6ssc5rv4t21', 1387802429, '', NULL),
	('77ham17j9orsk7jaohq3iaceh3', 1387723528, '', NULL),
	('7834k1nvg4pier9tgr0sosda96', 1388606944, '', NULL),
	('78ljipnm1av7esfdjihr6qe7m6', 1387681922, '', NULL),
	('79vhtor2ptf8rgp8vtgobs5qo0', 1388544702, '', NULL),
	('7a7ak7dur2htr5rcj0f8snk910', 1386846036, '8d03aba22dbb3ff091b823d1eb7d07aa__id|s:2:"77";8d03aba22dbb3ff091b823d1eb7d07aa__name|s:5:"Guest";8d03aba22dbb3ff091b823d1eb7d07aa__states|a:0:{}', NULL),
	('7amh6pbvqk6f5iabreh65sahj7', 1386687129, '', NULL),
	('7asrg8eidqp34ri2hf8n4e8l50', 1387890127, '', NULL),
	('7b1kscmessev1gc7g9odl69iv4', 1386510330, '8d03aba22dbb3ff091b823d1eb7d07aa__returnUrl|s:14:"/admin/config/";', NULL),
	('7bgrn9nbn87teqlu4k7kid87h3', 1388693946, '', NULL),
	('7bukjhr1ltqlq1cioricgokfv2', 1388105226, '', NULL),
	('7cajt3c328evt38bqfs4oqqca5', 1387121556, '8d03aba22dbb3ff091b823d1eb7d07aa__id|s:2:"10";8d03aba22dbb3ff091b823d1eb7d07aa__states|a:0:{}', NULL),
	('7cv0q4bn3i0hv4s1ckovp1bk57', 1388267799, '', NULL),
	('7dhvi5jiajptuppcrpjg1v8ij7', 1386924119, '8d03aba22dbb3ff091b823d1eb7d07aa__id|s:2:"77";8d03aba22dbb3ff091b823d1eb7d07aa__name|s:5:"Guest";8d03aba22dbb3ff091b823d1eb7d07aa__states|a:0:{}', NULL),
	('7epfhvkqm094l1stab3ehhqe72', 1387811528, '', NULL),
	('7eu9ncsnplf45jh0ml9pnn9tt3', 1387731366, '', NULL),
	('7giqa422pvfku5j6r2nq8ul9j6', 1387311497, '', NULL),
	('7guqq083f1mn9f2mn2ek3idvr3', 1386625793, '', NULL),
	('7h2phbsmpecsee573c0tfm1987', 1386231088, '', NULL),
	('7iaq7gto4vg17lvh69ejrrkuc1', 1386169731, '', NULL),
	('7ji88l1d11ea7lsnct1tlbvpm4', 1387814204, '', NULL),
	('7k9hm5r74dsh9dgdlq57n2l021', 1388266538, '', NULL),
	('7kkfi7qairfaflnri2ifsm7rm1', 1388738919, '', NULL),
	('7n25ubgriidshdol39hoa9bq07', 1387771022, '', NULL),
	('7nqtb8dspic4urkqkainfoabs0', 1388676892, '', NULL),
	('7nui32rnguc4598o0c9ickdgg0', 1386404469, '', NULL),
	('7o19vpmf23hp349b7jab0fk575', 1387818853, '', NULL),
	('7ov9m8lfmo4sm8hia8knj7si70', 1402572675, '', NULL),
	('7pg4hbl2ju0oua6snpk2cg0rs2', 1386418101, '8d03aba22dbb3ff091b823d1eb7d07aa__returnUrl|s:13:"/admin/config";', NULL),
	('7qindgqo04dr84u2e0l5kg0pv6', 1387364910, '', NULL),
	('7qm6j9i0sau7tvdumcmrd2e4c5', 1387083002, '', NULL),
	('7rdvjhujr9472k6q9bkjn77o25', 1386461982, '8d03aba22dbb3ff091b823d1eb7d07aa__returnUrl|s:20:"/admin/config/update";', NULL),
	('7rva7edsg4fk79q6auns16chm1', 1387011748, '8d03aba22dbb3ff091b823d1eb7d07aa__id|s:3:"113";8d03aba22dbb3ff091b823d1eb7d07aa__name|s:5:"Guest";8d03aba22dbb3ff091b823d1eb7d07aa__states|a:0:{}', NULL),
	('7s3jd0nm65bnj4qgq67g1up357', 1387405708, '', NULL),
	('7sv0qslcak68bohk34d5e3fcj5', 1388253621, '', NULL),
	('7u4bdqmjipor9pn1ac8c4smb41', 1388490534, '8d03aba22dbb3ff091b823d1eb7d07aa__id|s:2:"77";8d03aba22dbb3ff091b823d1eb7d07aa__name|s:5:"Guest";8d03aba22dbb3ff091b823d1eb7d07aa__states|a:0:{}', NULL),
	('7uol28ivd7ss4erppr0daq72o2', 1386923207, '', NULL),
	('811irv3eg0e6jdqfa4ks2kms06', 1387757587, '', NULL),
	('81bk5aj4hvenrqk2fvcp225n02', 1388524990, '', NULL),
	('839n54hrh6ffl65u3glc0tgi56', 1386612356, '', NULL),
	('83fcm1cs941aqpdr8teta20sm5', 1387372329, '', NULL),
	('85fc0lc33ma441n14odourhvo6', 1386474560, '8d03aba22dbb3ff091b823d1eb7d07aa__returnUrl|s:33:"/admin/managerCities/update?id=15";', NULL),
	('8623ou3jfq64cjjdsh5vgffr50', 1401624853, '', NULL),
	('86po0i6imocc0jdoj6j4pl12m1', 1388717516, '', NULL),
	('873hdb8uqltge0dmshavcnrgq6', 1387309543, '', NULL),
	('88h5gpcjn23svq3v9lolnjchp1', 1386410423, '', NULL),
	('89je0vib19q5mqu9naor35q0p4', 1387724928, '', NULL),
	('89jejpm2p81jpmc8sbe01in6r7', 1386494939, '', NULL),
	('89l97posh11q67c21bar9rnm81', 1387042705, '', NULL),
	('89mp3ir51101ni4qu62o3lfrq1', 1387541124, '', NULL),
	('8atnnk7mrqcsqea1rn4e7d7286', 1386405606, '', NULL),
	('8atugv1dg404jbfdbsks2chc10', 1387809377, '', NULL),
	('8cjkqs5bdh5nb1fgofcar4u715', 1388413697, '', NULL),
	('8d45dloklkkc70fn1bq1g5tna0', 1388678175, '', NULL),
	('8dohp2pv9j5ea2ban4hr687mi0', 1388592243, '', NULL),
	('8emg30crd6tiqg7g9htha4rp41', 1387117955, '8d03aba22dbb3ff091b823d1eb7d07aa__id|s:3:"113";8d03aba22dbb3ff091b823d1eb7d07aa__name|s:5:"Guest";8d03aba22dbb3ff091b823d1eb7d07aa__states|a:0:{}injustice_id|s:3:"282";', NULL),
	('8fvhu9dagekgffjlgp5fi0jdg0', 1387297655, '', NULL),
	('8gqgh55uj680ebhjdjgqs6d1s5', 1386314321, '', NULL),
	('8j76ul2l85m0j1o09r0sjdoop0', 1402056237, 'vpa2Ge6gAfItOgDCVDm0IQMakyR29WMSdmWxUEJJyoQxEsTtASP7-h9yvld0dC15xnSGZBRhJOtISkhK4pzxyag6KSwi8CqiGDe4n7AUlqVn_OfaTsFJcRdj955R_XysHwCmV2oPi6aQlTV3nfjpHw..', NULL),
	('8jgkaolbberpgunmen01h8fbv6', 1387700150, '', NULL),
	('8jlf02su0c67g997kr1nslmq10', 1387064737, '', NULL),
	('8labtcunjq1ser3e0in2s1l707', 1386700383, '', NULL),
	('8mbvni02mopee14clds9872io1', 1387540715, '8d03aba22dbb3ff091b823d1eb7d07aa__id|s:2:"77";8d03aba22dbb3ff091b823d1eb7d07aa__states|a:0:{}', NULL),
	('8n4rbdej7sggclpjqhbvmpru30', 1402567376, '', NULL),
	('8nd9qnco34jjv8cl8n8u2931v4', 1387652348, '', NULL),
	('8nh7nfqo48cqso5ruvmak13ue0', 1388419651, '', NULL),
	('8nnqts90sk7621fvj4t11klg21', 1386739433, '', NULL),
	('8nrmosq4332fr4i4974tlfabu2', 1387838982, '', NULL),
	('8qdkjf8ndpu7pj0nj0bvf6dd30', 1387649791, '', NULL),
	('8qjr0umpqok0dltva6h9iibip6', 1386683267, '', NULL),
	('8sp6r01utqh76cn9f8bfq5eu60', 1386248332, '', NULL),
	('8tfm2bmnmshr9b8ggsecc94ql4', 1388411449, '', NULL),
	('8v8j3fso8ctmrkdugqcdnuksa0', 1386404471, '', NULL),
	('8vk7hg7g6m5sf6j79ktogcupp2', 1386878070, '', NULL),
	('8vprrlhk46j3teqp431ps0mbp6', 1386845607, 'injustice_id|N;injustice_finish|N;8d03aba22dbb3ff091b823d1eb7d07aa__id|s:2:"10";8d03aba22dbb3ff091b823d1eb7d07aa__states|a:0:{}', NULL),
	('90pst4bbpu6fjobsupa7jn8dv3', 1387889659, '', NULL),
	('91774tpb0b70012t8k1j1f9803', 1386670061, '', NULL),
	('91sivmpvrmdm5gipl7m3p08sm4', 1387207156, '', NULL),
	('921d8ok599rg8ji3n1mhsf0dv7', 1387884598, '', NULL),
	('927ggttmedkiejumb5tbr5v2g4', 1387446129, '', NULL),
	('937ucqqemqsfpdj08v720ofsq2', 1388456904, '', NULL),
	('93e9lghkbiqouuajnrkv4rjfg0', 1388579695, '', NULL),
	('93p4klpcnum3cej4e9gjihsen3', 1388411683, '', NULL),
	('94db3fq9uksfnhr7hkaj563qb7', 1386705750, '8d03aba22dbb3ff091b823d1eb7d07aa__returnUrl|s:22:"/srbac/authitem/manage";', NULL),
	('98eln6n34cgt3jtvt6mgk16k71', 1387776523, '', NULL),
	('98pmg2vsgm18h5ms6ud812a8k4', 1386406154, '8d03aba22dbb3ff091b823d1eb7d07aa__id|s:2:"10";8d03aba22dbb3ff091b823d1eb7d07aa__states|a:0:{}', NULL),
	('998flk77h9sojurapk88tj7ml3', 1386828426, '', NULL),
	('99lcaeo92pmtrbfjl8m9fjq6u0', 1387902426, '8d03aba22dbb3ff091b823d1eb7d07aa__returnUrl|s:6:"/admin";', NULL),
	('99qsjb9bhbf6m7h8j29s19tku7', 1386707341, '', NULL),
	('99vh1ukti89odmj97qaaab75t0', 1387930032, '', NULL),
	('9b8bvndeac7s6e4ek5ipv7vb06', 1386821544, '', NULL),
	('9bc64ul1t1kt6hltgo3mnq8fn1', 1387008658, '', NULL),
	('9cr0kvthl9evbf015avh379mb2', 1388471791, '', NULL),
	('9cvl6218753f18e5jppai9qom5', 1387563771, '', NULL),
	('9dh24ge4egv4ncphu4tafmama7', 1386228676, '', NULL),
	('9fgbujq6e35ipuh5li62k9dhv7', 1386606443, '', NULL),
	('9ih4fi49kclb63qc52p26bo9o7', 1387717400, '', NULL),
	('9irj25avo8aipkiq9upvs5bfn0', 1386236919, '', NULL),
	('9jv3sr4qrfaj6gj9f8ale7bfe3', 1386403302, '', NULL),
	('9la4s49eb87uetrk3hcksd7rb3', 1387302280, '', NULL),
	('9lva7ghubjri1c617q1qboiin1', 1387091721, 'injustice_id|s:3:"278";', NULL),
	('9m531rjpv3qnpfta3g4pr16go7', 1387398412, '', NULL),
	('9m8j7d8b91ktnqm91j715l1fn6', 1386180505, '', NULL),
	('9mh4rvt6rv9i04qrd8hs9h5060', 1402649629, 'KtelKxHumdA1MUaHFGdklJoa0kTof0YSV0EO9F8sSZPR4Z55fzDdHRK2c9bzBihSnM91o0Jhpsz5UmEQ9xa29IHY2sLSdsUMLlUpKmkqDOAF1px7EDB-B9yIypP21EiwCLjwYkKiX4YKrHD50pvv9xlC7Ss6NRCVUJd8tqCQTwFzIxZOj0HSFb-obD34ueVwiPmEjB5ibB-xu5n_FDCuG1HyRVfS8Hf9BtssRPOtOCFPMS8R3PT0PGy_5ygKwifBPq4x0vyeUON6lvBTLFtqdy4sDbsylx9IdyZrHXHsPLbhjnUfHTkJt78LHvLc_CZslgrhG6rN6XdwkiBIEnfsbAx7Thu2EdxgwthVZB3Lth6zpm5JDqLnVVpvKjx7B2rvB9LWO7MoNnGYqoLGWEYMaFZeFCI_Th7eF6hC2g1vnJ1ancaDCg2Wah0nV8tdx1GhEoaVJTkHW9UyQ0V-HM1axz-tYFxaCE1YPJ-6TS-LszzcDUlZF9HdXBi9mVU0X0qPwyt_pJqaZxCwFXb2vN652w..', NULL),
	('9pnneb3k4i3sji9137q3cqg9a7', 1386402959, '', NULL),
	('9qa9jffom435f9vkrdds4c1d10', 1387651129, '', NULL),
	('9r2sksbpojdu2q304r5e40ip95', 1387812346, '', NULL),
	('9rajnsqa2cmojgtvr5tqgggbv5', 1386456993, '8d03aba22dbb3ff091b823d1eb7d07aa__returnUrl|s:17:"/admin/user/index";', NULL),
	('9s4libqd7n6lo5dbar6667a8c3', 1386410022, '', NULL),
	('9s86gfor5sndg19d2bpi5d93s2', 1387863281, '', NULL),
	('9s9m40bf778de79ts245362o85', 1388479620, '', NULL),
	('9ublu7gnrb0dn69jgg4kfcttj7', 1388671844, '', NULL),
	('9uegicig6sc2fn7hihbgrr3ek2', 1386467984, '8d03aba22dbb3ff091b823d1eb7d07aa__returnUrl|s:20:"/admin/default/index";', NULL),
	('9v4covuoiu0imd9t3msp638ll0', 1388675322, '', NULL),
	('9vbkgtj1bcgm33jgpqgkmv34s1', 1386175367, '', NULL),
	('9vmhvtqftqrsol58cf69qmpvp6', 1386612356, '', NULL),
	('a11qagvlmq6mm4rfd60kcqjrr1', 1388280232, '', NULL),
	('a2kqdqoh3s2b326p8qcc5fpp47', 1388673753, '', NULL),
	('a3qiuh5j1fkguh9ni8tpsllk41', 1388578929, '8d03aba22dbb3ff091b823d1eb7d07aa__id|s:2:"77";8d03aba22dbb3ff091b823d1eb7d07aa__name|s:5:"Guest";8d03aba22dbb3ff091b823d1eb7d07aa__states|a:0:{}', NULL),
	('a58fcrcteftddtt02vu8kmht22', 1386697084, '8d03aba22dbb3ff091b823d1eb7d07aa__returnUrl|s:33:"/admin/managerCities/update?id=14";', NULL),
	('a7k3bj1eem53gdd1c7s466qdg6', 1387749554, '', NULL),
	('a7vfqt5d3ba6385goohdufusi6', 1388569577, '', NULL),
	('a85aokeiiisa03di7lju9jkvq0', 1388295244, '', NULL),
	('a86f7t3vq8n5tujoca3hksd7v4', 1387807298, '', NULL),
	('a8gvcb5n88i6ked07lgi4tj924', 1387890132, '', NULL),
	('a95poj5m6p404j7kgm5l77vc15', 1386970614, '', NULL),
	('aa2ltd6mh8m908g4lsobt426p5', 1386614283, '', NULL),
	('aaf4r6pl0nfbiidu7052k3jc57', 1388597027, '8d03aba22dbb3ff091b823d1eb7d07aa__id|s:2:"77";8d03aba22dbb3ff091b823d1eb7d07aa__name|s:5:"Guest";8d03aba22dbb3ff091b823d1eb7d07aa__states|a:0:{}', NULL),
	('ab0sik6udeb1jh6eo12hqnqm52', 1388719472, '', NULL),
	('abkqd964q5ioln8h0q1isjtp13', 1387072887, '', NULL),
	('abu76bjidtbi9mg7v7bss30v60', 1387543594, '', NULL),
	('ac48p2jrhd1ucnlkkpjp0fkbp3', 1387011184, '8d03aba22dbb3ff091b823d1eb7d07aa__id|s:3:"106";8d03aba22dbb3ff091b823d1eb7d07aa__states|a:0:{}8d03aba22dbb3ff091b823d1eb7d07aaYii.CWebUser.flashcounters|a:0:{}', NULL),
	('acb557q1n2vqn870isjjpkua01', 1387767130, '', NULL),
	('adp20v16tps398cb7u1ka040s6', 1387951779, '', NULL),
	('ae23ns32oebisv68tjfo0b24v5', 1387465374, '', NULL),
	('aehfsqmmbpafjh6lf071ecqru6', 1388412672, '', NULL),
	('ahg5jfa0t3jmol83ttihdln107', 1387713259, '8d03aba22dbb3ff091b823d1eb7d07aa__id|s:2:"10";8d03aba22dbb3ff091b823d1eb7d07aa__name|s:5:"Guest";8d03aba22dbb3ff091b823d1eb7d07aa__states|a:0:{}', NULL),
	('aibhs6r117a0cdmmielbq471c7', 1388467992, '', NULL),
	('aicmnj7q3afeonqitcbg2jn1o2', 1402052867, 'iunQr4P5wAeRB55XB4fudsgTTWz4CdOB1csSQ9PqMAVOIIzOtNHW8_bYxGNTHa3Lpx-Q0oRnBddnUtWDJkEjjqNd7GBt6m7_DA6o4R2bikzGJdiEgFAZNmx3IXKA5T2o1QX5TCMKGv9fXQBXnBg_pfC4SsNB0BVym_fIj8zME2DRShywBksbHjvYU4BZKqMBNckzcp04Zeg88o5NqpA9OdXyfYdGnNeF5McfjT4vDoewEeh6WHVCoSpy3eNeRiQtlt5tC9AbU_VyJtGa0IkiDe51-rJs3b7qZ58FAncPSBygPMa32M657y7ZLQ6MEbFzxMKnb0pE7NydWrK419pFhjhtyVBchdmV_rKsGNltb4Y_kE2GlRUZcpTT5Uig70OK_QhoFqCl3Sgr8wS-WTcTis_1d1O9Z_RxN0DjsFPC6Qg.', NULL),
	('ajqcu8nnnbareci153u84pom95', 1387447423, '', NULL),
	('ajveiasdugk06ttnkm0a0g4in7', 1387537681, '', NULL),
	('ajvvq8v3getjp1jecsoqtr58k5', 1387319364, '', NULL),
	('ald19srr276ccbsl4pgc240ud2', 1387513892, '', NULL),
	('amr29t8v17t15ri0u2cm369fj6', 1387408357, '', NULL),
	('apc4c5fjvrghgubok5pc7j6th1', 1387334356, '', NULL),
	('apgq007biglofc38lfc9r9pv83', 1388717502, '', NULL),
	('apv0rkoo2polcdsmnketgrmvv2', 1388717514, '', NULL),
	('aqk6jo41janckru38sjcpdkj33', 1387361256, '', NULL),
	('as5efoueqp7n5u7t30tbd24340', 1387682737, '', NULL),
	('asfp0s1vlbdq6h1qukqa5ru261', 1386322050, '', NULL),
	('at1svt6r1d5egeu0m4lp6tftj0', 1386886679, '', NULL),
	('atd9gsurvdrgtg4bnj5hd56fo2', 1388693596, '', NULL),
	('auj2f80qin85a11tounusqang1', 1386792749, '', NULL),
	('b2bacga4fe638lh664uto22mu5', 1388156699, '', NULL),
	('b3682d8h0guohqnue7pjqqtb87', 1387649867, '', NULL),
	('b41fjd8neevrpsa0uqlfbcdk42', 1387218517, '', NULL),
	('b4447jpqbeb5joqbibpbbblrk3', 1386800068, '', NULL),
	('b4d2gns6mkh81ooh9gknrtdo14', 1386273626, '', NULL),
	('b57jur214ga9q8h62qtcg2ffd4', 1387770997, '', NULL),
	('b5d64ddml9cqe06h6hllgla190', 1399364070, 'NmKmS1UQkfJ9SJIARvKOxL76kJn0vOMUEXPqQO9bZ8TSGHeAoox4lsfKYmXdEony-AGmMtQsaj6EtwXMdKrgJ4SWkB6yuVY4llMKk4rms2ALt3Wm2icY8ouIfk3480ZA', NULL),
	('b5lt6pjvmjj15lo5v7lapeucs6', 1388451153, '', NULL),
	('b634c5msc4va11djdpu3g277f0', 1387031576, '', NULL),
	('b71dca5emjlv7m8ppdtm5aeg00', 1387407473, '', NULL),
	('b7c1ql4bco9tobrirbke39hu13', 1388534438, '', NULL),
	('b7clrqsa9i2l3f931745c2jce1', 1387186698, '8d03aba22dbb3ff091b823d1eb7d07aa__id|s:2:"10";8d03aba22dbb3ff091b823d1eb7d07aa__name|s:5:"Guest";8d03aba22dbb3ff091b823d1eb7d07aa__states|a:0:{}', NULL),
	('b94qrimkjthl1q35987rsd2rv4', 1387580944, '', NULL),
	('b9s82aq4pit3ge418ie3k760b5', 1387462792, '8d03aba22dbb3ff091b823d1eb7d07aa__id|s:2:"10";8d03aba22dbb3ff091b823d1eb7d07aa__name|s:5:"Guest";8d03aba22dbb3ff091b823d1eb7d07aa__states|a:0:{}injustice_id|s:3:"283";8d03aba22dbb3ff091b823d1eb7d07aavictim_assets|a:1:{s:36:"295ea01f58af2a180648fe18a021a15f.jpg";a:8:{s:4:"path";s:93:"/home/www/vhosts/nespravedlivost.ru/httpdocs/uploads/tmp/295ea01f58af2a180648fe18a021a15f.jpg";s:3:"url";s:49:"/uploads/tmp/295ea01f58af2a180648fe18a021a15f.jpg";s:8:"filename";s:36:"295ea01f58af2a180648fe18a021a15f.jpg";s:4:"size";s:5:"39839";s:4:"mime";s:10:"image/jpeg";s:4:"name";s:9:"28man.jpg";s:10:"state_name";s:13:"victim_assets";s:10:"delete_url";s:100:"/injustices/upload?_method=delete&file=295ea01f58af2a180648fe18a021a15f.jpg&state_name=victim_assets";}}', NULL),
	('bac91514qq35g0pbu69purk3r0', 1386176171, '', NULL),
	('bae5r7vssknfckk6assgt3sk60', 1386502378, '8d03aba22dbb3ff091b823d1eb7d07aa__id|s:2:"77";8d03aba22dbb3ff091b823d1eb7d07aa__states|a:0:{}injustice_finish|i:1;injustice_id|s:3:"249";gii__returnUrl|s:4:"/gii";gii__id|s:5:"yiier";gii__name|s:5:"yiier";gii__states|a:0:{}8d03aba22dbb3ff091b823d1eb7d07aavideo_main|a:0:{}', NULL),
	('bb92aq57g9jl5j5082t6mf8k42', 1386428422, '8d03aba22dbb3ff091b823d1eb7d07aa__id|s:2:"77";8d03aba22dbb3ff091b823d1eb7d07aa__states|a:0:{}', NULL),
	('bbcqf1gl9i4fqvs1anbtnk4rv0', 1402570987, '7W_oYZv8JJqWH9mKvh3RlYHe1u3YDdUaMj_aJGkRYE43aXKU4i7a9mgkjY1cniOW7G1olyHlYOaBDkEy4qaQgqyc4UGJFVya4GbawYWFTyU.', NULL),
	('bbs34rufetcgbc5mtumb3b5k10', 1386809714, '', NULL),
	('bdjsjkp3ut6n53plfgn5arhoe0', 1387117283, '8d03aba22dbb3ff091b823d1eb7d07aa__id|s:2:"77";8d03aba22dbb3ff091b823d1eb7d07aa__states|a:0:{}injustice_id|s:3:"272";', NULL),
	('be5adif4k21jj1skr6gmjmrvs3', 1387006200, '', NULL),
	('bfbmncld01tb5b3ee87a85avb2', 1386814220, '', NULL),
	('bfgeoe5ki2c1f9pmplisln0n13', 1387976988, '', NULL),
	('bh4m9ucqo1qlheg319s96nvba6', 1386705426, '', NULL),
	('bi81dt2oevujsktmtvsc3ttej4', 1387881942, '', NULL),
	('bjabnlnqqq6g59om8ub238kh24', 1388062775, '', NULL),
	('bl2nqaqkrtu4fvn8uar9q6tp32', 1387101592, '', NULL),
	('bmdhi6difj4t53dvog8t2dad91', 1386825920, '', NULL),
	('bmlctob5ibc7c65btd8stt8h36', 1387790647, '', NULL),
	('bnfopnl12frcp7ijmtgf5n69s0', 1386719257, '', NULL),
	('bo83be8emrcq7gp4ptpjk14pb6', 1387736152, '', NULL),
	('bofmcn532ai2nnr48hkupeo7l2', 1386730364, '', NULL),
	('bp9m70lrv39p49r1ubbkgk8ki4', 1386514208, '', NULL),
	('bqb73ou1j71t6pk4gjjgt5b1l5', 1388243060, '8d03aba22dbb3ff091b823d1eb7d07aa__id|s:2:"77";8d03aba22dbb3ff091b823d1eb7d07aa__name|s:5:"Guest";8d03aba22dbb3ff091b823d1eb7d07aa__states|a:0:{}', NULL),
	('bqsl3sjqr82emsjg0tptdb4oe1', 1402056224, 'C-7qUcTjOkPGKt1nYTITEkOiitZPEPekgC7F0wxQwzSQOYsQjXXE13OTIj2ZYfFMS3iExTyWkYSpULLWfbtzDq3-TiM9PCNEEebKtyVkkZM.', NULL),
	('bsefrqfho3qb3a1pvsl44au7h0', 1386176980, '', NULL),
	('btu6m09vbhd2tqecna4m7chhe2', 1388596882, '', NULL),
	('bua09bkgbq6melpul3qfb80315', 1386407098, '', NULL),
	('buvqauvsojrse2j778pl8m2i17', 1387890123, '8d03aba22dbb3ff091b823d1eb7d07aa__returnUrl|s:23:"/admin/injustices/index";', NULL),
	('bvdpb1v0r1v64mqdf9gl4g60n7', 1386674286, '', NULL),
	('c006aijn4k92m81bj2fvvamf15', 1388217407, '', NULL),
	('c07vlpe6j4c5ri5c83j8v93g87', 1388462066, '', NULL),
	('c1eaqru8olhsg0rqmlf63h6bs4', 1386693999, '', NULL),
	('c1gjov686i1k2rnfmff68guft7', 1388465317, '', NULL),
	('c29ustnbvn4fj4dgfe6dmk2jl7', 1387492800, '', NULL),
	('c2af70dvh4bjmlj0seqcl84vn4', 1386612356, '', NULL),
	('c2aubs60q6amag274f1f836gb4', 1402056229, '', NULL),
	('c2b5pu0i4mnr4kqa8faucgb7j3', 1387408358, '', NULL),
	('c3f6kkffgurmhuufnf2e6o82d6', 1387499079, '', NULL),
	('c3ibrnpgmddg7m6mvie1p42f95', 1387973388, '', NULL),
	('c3ul72p29d5aljhq0jv8vv2j41', 1386755392, '', NULL),
	('c4bohvrf8j5cdjedip5o90sjd3', 1386409871, '', NULL),
	('c588j9475up5s0rib1r08nl7c6', 1387011089, '8d03aba22dbb3ff091b823d1eb7d07aa__id|s:3:"106";8d03aba22dbb3ff091b823d1eb7d07aa__states|a:0:{}', NULL),
	('c5sjdcrhshgpcthkd6hl9o5te4', 1388245028, '', NULL),
	('c6basr3km2lm7329rja550qag1', 1388569384, '', NULL),
	('c7cei4ojagaq0mobtff8bf35s4', 1386703216, '', NULL),
	('c9hokrbe1oslmrovkrf8j6r2i1', 1387310190, '8d03aba22dbb3ff091b823d1eb7d07aa__id|s:2:"10";8d03aba22dbb3ff091b823d1eb7d07aa__name|s:5:"Guest";8d03aba22dbb3ff091b823d1eb7d07aa__states|a:0:{}', NULL),
	('caomu8633fjtc3975oceuun693', 1388435102, '', NULL),
	('caruffjjnos4e8paihp74dm1r3', 1387139661, '8d03aba22dbb3ff091b823d1eb7d07aa__returnUrl|s:6:"/admin";', NULL),
	('cccgsj9rmmq8svi1rgamjd4044', 1387893834, '', NULL),
	('cf1hcflfk73k1f7m4pii4ngjv4', 1387975883, '', NULL),
	('ch0s83uemmnbvq4ldpr23r2kd2', 1386327601, '', NULL),
	('ch3j9hp8e6gprra36hjnkjjqq0', 1387722813, '', NULL),
	('chie073amjb51e53dhu3opmr74', 1388549738, '', NULL),
	('ciag49qjg4n0fatluthagltli0', 1387366571, '', NULL),
	('cihit1opeovrv10bd9sv7as474', 1388589770, '', NULL),
	('cjcbeifrb3b30cvihi9r3mju42', 1387787195, '', NULL),
	('ck128la21vlrlfi9d9f8oj3c76', 1387007750, '', NULL),
	('clmr2ape6rvg8att1p2kals526', 1402481440, 'zLGzF3f7yDt5HY3l2hU04k33VWmN71mBV0O9w4lSjY5pckCVEo0paQ5LJ_Ww0jO2D0eyaLLDLWPu_aigDcpNduTilc2SrxwlG5aoVQdDDDqIM165hCRm8XO0o-2LfkPy', NULL),
	('cm87ehjjrl9vdsjnqjr158n5p1', 1387347780, '', NULL),
	('cmii3fevldbs6tvo3brunbujn4', 1386678117, '', NULL),
	('cngtks661s6pj79lluk78o1qs0', 1388227590, '', NULL),
	('co7l5fhovdlnvhvcqjceaqa2h4', 1386721929, '', NULL),
	('cridt2iomfj9njo0b2ag979807', 1386702595, '', NULL),
	('crnfjuo29aj37d5d60275i5r16', 1387861176, '', NULL),
	('cse68tjovt7p1rkoasjuj9jjs5', 1386539582, '', NULL),
	('ct9364ij36043hi50a98vs1sa2', 1386688942, '', NULL),
	('cu61rgi4str8sbf52og1sej8s3', 1388569408, '', NULL),
	('cv881db5ho7oqr9mtumoa0ikf2', 1386838035, '8d03aba22dbb3ff091b823d1eb7d07aa__id|s:2:"77";8d03aba22dbb3ff091b823d1eb7d07aa__states|a:0:{}', NULL),
	('d0299a44n564eiprp0ck6oash2', 1388434511, '', NULL),
	('d12migetsk3um54ul587rr2o37', 1386679334, '', NULL),
	('d2nf8hlelvum4uaaldo5te0ef4', 1400752725, 'yytJx8vhtnuTYEz6NrTLNLkw7p9CzmwhDXixD9m2vgxSW1Mt8Men-lENrJpMXu6H0qealXigXK0mHeFaVnqTpYycODyerpU6FOFMGbpR-J8.', NULL),
	('d2peblb6ec5fchks0q5gnq9dh5', 1388135131, '', NULL),
	('d4ch5g19grv842u6evfhv99210', 1388717504, '', NULL),
	('d5qd8fmchccrppbjlg8r1i1pr1', 1387684191, '', NULL),
	('d7hor94jop93l0dj2n9psbt8q6', 1387889666, '', NULL),
	('d93jqd0glmhqhu3eqerthmr6f1', 1387450533, '', NULL),
	('d9bqosp0b72qh5t6inhdqkddu1', 1386273252, '', NULL),
	('dabhfkmm36gg6ev1a118fso910', 1387953324, '', NULL),
	('db0kmen7eboj5ark7qpmismgh2', 1400747501, '', NULL),
	('dbr4uve5cgjii7f1kfji803o33', 1388590711, '', NULL),
	('dcuaotl97hr5bm2ro6l9d1ms03', 1388339586, '', NULL),
	('depo43p2ct7t4f8541idv93v57', 1387094756, '', NULL),
	('dhjphlqltcft2k7n7mte6nbph2', 1388717507, '', NULL),
	('di19htud3u4ha6c6rrcci9lh76', 1402056238, '', NULL),
	('div2neo0p8bjq9q36vsaab8p77', 1387489315, '', NULL),
	('dj2d4mvm9hgrj4rlqcnqi0rkh4', 1386708280, '', NULL),
	('dj4pj05cr4emti47h0576741o7', 1388717518, '', NULL),
	('dkbc004otchvgqgoes994i9u24', 1386402889, '', NULL),
	('dkra0t64m8hnfglqgo2emtorj1', 1386683956, '', NULL),
	('dnfnljo67l7sp8m1kel8cd01e3', 1387042705, '', NULL),
	('do4o5uj356420niorsmrf71q80', 1387451297, '', NULL),
	('douldfhkotk0dpril7sud6bl87', 1387823913, '', NULL),
	('dpn4fug4lv6f9enbseedblo4f6', 1388297882, '', NULL),
	('dq7eah3s7ppi83bslbk843fsp5', 1388693957, '', NULL),
	('dr682lk5q6i6rmqtgnb7r6vm95', 1386867349, '', NULL),
	('droepbqjcnjft0o8hf3nd5kif7', 1386697754, '', NULL),
	('ds9mv36e4h7j1658cdirrahqk3', 1387449741, '', NULL),
	('dsvhmkpq1go5qmhm6ka2bmem81', 1386681500, '8d03aba22dbb3ff091b823d1eb7d07aa__returnUrl|s:6:"/admin";', NULL),
	('dt79n82e49ejl27thvskb4tp57', 1387071282, '', NULL),
	('dthesuu0uiksbk34c7hcramsj3', 1387994128, '', NULL),
	('dvpo364cako307ekp19quhrt87', 1387937580, '', NULL),
	('e2khoapn8v4c2hdmv04317lja7', 1388558539, '', NULL),
	('e3vhkogvjsqsenimapcdlccmq7', 1387690394, '', NULL),
	('e5ci8gubh8lb53ji2nclhirjq4', 1386490227, '', NULL),
	('e7g0mgevpr8k1sigq3m4q65m74', 1388247437, '', NULL),
	('e7gn1be4r2g9bh6gnq9detj2k6', 1388717511, '', NULL),
	('e7p52phpsiptej0dpkji7vst61', 1388514836, '', NULL),
	('eai4ep565jv30divjlsm4b84a3', 1386701953, '', NULL),
	('eat7rtuo1l4mr9guj8n39iirl7', 1387297657, '', NULL),
	('ecb0r23fu0c8t05amldt487ke7', 1386610776, '', NULL),
	('ecb16h0269c584ee8nhp269af6', 1387062316, '', NULL),
	('ef3ncj72g9kgq2obgq39gpu2k6', 1386994361, '', NULL),
	('ef8ue5qtdi6jgchi7cm3m6laa1', 1386406727, '', NULL),
	('eff451c6vmbbmgph5mlf26bp15', 1386442859, '8d03aba22dbb3ff091b823d1eb7d07aa__id|s:2:"77";8d03aba22dbb3ff091b823d1eb7d07aa__states|a:0:{}8d03aba22dbb3ff091b823d1eb7d07aamessage|s:0:"";', NULL),
	('egk3lg88n6seu6cn851gh9out7', 1388752949, '8d03aba22dbb3ff091b823d1eb7d07aa__id|s:2:"10";8d03aba22dbb3ff091b823d1eb7d07aa__states|a:0:{}', NULL),
	('eh9aup6o78ojrjoh4ejcc4vu01', 1387191374, '', NULL),
	('ehl6uacqhh9bt74aeta4fdd572', 1386778697, '', NULL),
	('ehmucpdto7qbda95kr70sftbu2', 1386668338, '', NULL),
	('ehog5qg4ldfnadhaod0sk9usk6', 1387432607, '', NULL),
	('ehoj34eamb85tjvk13lgpeccg0', 1387061059, '', NULL),
	('eimca80b1hbcthml6jb2vhrtr4', 1387409288, '', NULL),
	('elc4ltquj9pdc7i34gcgf1lj32', 1386202544, '', NULL),
	('em3jihv7vqasejp2ojrpdtr6b2', 1387273431, '', NULL),
	('en5tr8e4715vs7icjbq50p1mo2', 1387260658, '', NULL),
	('enacj0r1qoto2pfqldqi67h445', 1388592242, '', NULL),
	('ene7a8ot186u20mvlc6pch4280', 1388413701, '', NULL),
	('ept3dnrktb78nrfbh19c4neg51', 1386694358, '', NULL),
	('eq2b7mfivds01p8buufvglfd65', 1386210002, '', NULL),
	('ernq5mfc02pbr7s6rm8h9otnp7', 1388158243, '', NULL),
	('erv7trm4mjvl5p1259hob1ij71', 1388726449, '', NULL),
	('ess4bn11js3kgaei22c0m0tr42', 1388295285, '', NULL),
	('ev8cj3iil099ul1mibaeob08m6', 1386965387, '', NULL),
	('evr5o2m5n1uleq102b6m5fvj73', 1386468928, '', NULL),
	('f0qujs92nhpvtgiajp6a6ojj97', 1386694727, '', NULL),
	('f2j57cmoimebqh5j92rb2tnrk1', 1387916826, '', NULL),
	('f2svqrqh42jq834rhiekfdtsc6', 1387764097, '', NULL),
	('f4vhgrkfqjbp4cj8rvq3bdncu0', 1387314508, '', NULL),
	('f5jliev9p928gngii8blc60fg7', 1387835019, '8d03aba22dbb3ff091b823d1eb7d07aa__returnUrl|s:45:"/admin/injustices/update?id=265&tab=opponents";', NULL),
	('f6d9dvh5ogd3ugp9e35ui06j17', 1387190296, '8d03aba22dbb3ff091b823d1eb7d07aa__id|s:2:"10";8d03aba22dbb3ff091b823d1eb7d07aa__name|s:5:"Guest";8d03aba22dbb3ff091b823d1eb7d07aa__states|a:0:{}', NULL),
	('f6v0e5mubkmp8ae7g2adt5lb23', 1388687231, '', NULL),
	('f8gfr967974e574jas1fcrlqf4', 1388676778, '', NULL),
	('f8klucfjsgsfk5pkeb87g6f8c6', 1387887341, '', NULL),
	('fbcm3bdqrf4g1je5j155r0e7c5', 1387011095, '', NULL),
	('fc2860gr6mau0efufg3ui6cc64', 1386680831, '', NULL),
	('fcggai3tmp1jss89octfild5r5', 1388743591, '', NULL),
	('fe1p6dgfoi1rjdm9td82i9lph0', 1386680043, '', NULL),
	('fe3b5ltb7gmb6l3kuj5uhllbi1', 1387744670, '', NULL),
	('fe4fsdod39l2rcakjvcf6mmlk6', 1402395797, '', NULL),
	('fet17dqf4pvah69mq6ili3e9j6', 1387561954, '', NULL),
	('ffg0ccqqiinvc82io63en12qt6', 1388082384, '', NULL),
	('fgj8ge7a80hbs15r4bmname1f2', 1387487244, '', NULL),
	('fha809011pm55a7vi7n1jgd206', 1388490414, '', NULL),
	('fj888tgvml8c45fh5ak78i6eg3', 1388589823, '', NULL),
	('fju10b5v00lquk5qcs8pi2lr76', 1404576735, '', NULL),
	('fk1l7o2l7n5eqdn38q3van3494', 1388154122, '', NULL),
	('fk92a0f9ggdj4cjpq5giqkf794', 1386409873, '', NULL),
	('flfgkeudmaiaatrv6kbjq514g6', 1386726626, '', NULL),
	('fm0idjptt1vv8ro033ientmjb3', 1387407478, '', NULL),
	('fmsmgbhs4ihr6t0sbf84fugtv0', 1387305593, '', NULL),
	('focmrquqt25s1mtqkpdivmir04', 1387474353, '', NULL),
	('fpclhda62sbfd9acq5d0h7d5b6', 1388693944, '', NULL),
	('frd7s2uhu7u9mpqn1qphal1nf0', 1386357616, '', NULL),
	('fteb964irvcu11013441pqjln7', 1387612065, '8d03aba22dbb3ff091b823d1eb7d07aa__id|s:2:"10";8d03aba22dbb3ff091b823d1eb7d07aa__name|s:5:"Guest";8d03aba22dbb3ff091b823d1eb7d07aa__states|a:0:{}', NULL),
	('g00rtk2mai2gigsjvtnafi3tr7', 1387832015, '', NULL),
	('g03vifiblg5dked6j3knud20h5', 1386572503, '', NULL),
	('g0i6adpqas7mfvdbpphb86pes3', 1387640469, '', NULL),
	('g35jkeu7o01jhmsnfedb0u73o3', 1387115913, '8d03aba22dbb3ff091b823d1eb7d07aa__id|s:3:"106";8d03aba22dbb3ff091b823d1eb7d07aa__states|a:0:{}injustice_id|N;8d03aba22dbb3ff091b823d1eb7d07aaassets|a:1:{s:36:"c56dd39c51ccc7eef343fb6e4a1ffc4b.jpg";a:9:{s:4:"path";s:93:"/home/www/vhosts/nespravedlivost.ru/httpdocs/uploads/tmp/c56dd39c51ccc7eef343fb6e4a1ffc4b.jpg";s:13:"video_preview";N;s:5:"thumb";s:56:"/uploads/tmp/thumbs/c56dd39c51ccc7eef343fb6e4a1ffc4b.jpg";s:8:"filename";s:36:"c56dd39c51ccc7eef343fb6e4a1ffc4b.jpg";s:4:"size";i:618170;s:4:"mime";s:11:"image/pjpeg";s:4:"name";s:44:"84d6e380b2a409ed78c3f4dace2c6577-d5kpy5e.jpg";s:10:"state_name";s:6:"assets";s:10:"delete_url";s:93:"/injustices/upload?_method=delete&file=c56dd39c51ccc7eef343fb6e4a1ffc4b.jpg&state_name=assets";}}injustice_finish|N;', NULL),
	('g385qdhn8sgmranfbqfbht8r86', 1386845519, '8d03aba22dbb3ff091b823d1eb7d07aa__id|s:2:"77";8d03aba22dbb3ff091b823d1eb7d07aa__name|s:5:"Guest";8d03aba22dbb3ff091b823d1eb7d07aa__states|a:0:{}', NULL),
	('g3fvfriitble4p0rpfq4sn7re7', 1386410930, '', NULL),
	('g4fn321bd6pb4fc0d49739jod6', 1387008869, '8d03aba22dbb3ff091b823d1eb7d07aa__id|s:3:"112";8d03aba22dbb3ff091b823d1eb7d07aa__states|a:0:{}', NULL),
	('g78eur9lbrlnl2u6dv4rd2i2i3', 1399325145, 'x4wDGBIl1d5XLMCefjgKM_l8oxwmbDTpTuG1bMkc8E33SjhdcYu5R0572YG86OJBOddYlhqZwooLkQpgIvf3DvECkCubG83x5Hw1w6akCbfwWXdc-xpBMadhhieykXrK', NULL),
	('g7n7ja4o2br7fapbg76qeqmhr2', 1387811051, '', NULL),
	('g8edvo6bribp7i4q7qvgf850s1', 1387911903, '', NULL),
	('g8gg8l68iclih2o19df79ftmd6', 1388061310, '', NULL),
	('g8hqn2e5set3tv01jkn3dievp2', 1386743415, '', NULL),
	('gable7m7urloscj7m0lfcjo605', 1388263804, '', NULL),
	('gcv0cfiqc1rsgtp3davpai59d3', 1404573132, 'ljp6zHp5rJPIz62CCCg69aapDQvHCy4WnNb_O3rxg8Sh0RRKiiYWt4exYlYHw2JQOLxS_NwAEoupJ2JnSr8MxsB5t_nRm-yMdsGuSj4pwWI-PwxOzHrpuLlIQaxath7FvbUrIGk5Ynb6kqoW5I2gSA..', NULL),
	('geru2ilcnngghn4cnrforrq7u5', 1386518364, '', NULL),
	('gg8mc7hs22tobf0oh5rgubcks7', 1388434003, '', NULL),
	('ggg1ospm1ouvtabk6n90can4r7', 1386692227, '', NULL),
	('gkneqqgb73thv555cro13adn47', 1387809406, '', NULL),
	('gkvads265og1aqi85h7ifuc5l7', 1387345778, '', NULL),
	('gnb3r12qdp3l33fhq50nktahc6', 1386356152, '', NULL),
	('gnbq1v67hqqjg4ahpotbf6ag90', 1388587370, '8d03aba22dbb3ff091b823d1eb7d07aa__id|s:2:"77";8d03aba22dbb3ff091b823d1eb7d07aa__name|s:5:"Guest";8d03aba22dbb3ff091b823d1eb7d07aa__states|a:0:{}', NULL),
	('gnit0c2ae52o8epkk56lonfbn6', 1387117562, '8d03aba22dbb3ff091b823d1eb7d07aa__id|s:3:"113";8d03aba22dbb3ff091b823d1eb7d07aa__states|a:0:{}injustice_id|s:3:"281";injustice_finish|N;8d03aba22dbb3ff091b823d1eb7d07aavictim_assets|a:1:{s:36:"4a812a419295be2507c3bc12dfb9ac2e.jpg";a:8:{s:4:"path";s:93:"/home/www/vhosts/nespravedlivost.ru/httpdocs/uploads/tmp/4a812a419295be2507c3bc12dfb9ac2e.jpg";s:3:"url";s:49:"/uploads/tmp/4a812a419295be2507c3bc12dfb9ac2e.jpg";s:8:"filename";s:36:"4a812a419295be2507c3bc12dfb9ac2e.jpg";s:4:"size";s:5:"47725";s:4:"mime";s:10:"image/jpeg";s:4:"name";s:9:"25man.jpg";s:10:"state_name";s:13:"victim_assets";s:10:"delete_url";s:100:"/injustices/upload?_method=delete&file=4a812a419295be2507c3bc12dfb9ac2e.jpg&state_name=victim_assets";}}', NULL),
	('gns9tfr17gjene903b0hm31817', 1387476093, '', NULL),
	('gt0skbctmec425gvmq0is4jt27', 1388129167, '', NULL),
	('gv1vgk2ml1cr5rccem3ipdshg7', 1386332526, '8d03aba22dbb3ff091b823d1eb7d07aa__id|s:2:"77";8d03aba22dbb3ff091b823d1eb7d07aa__states|a:0:{}8d03aba22dbb3ff091b823d1eb7d07aamessage|s:27:"Роли назначены";', NULL),
	('gv851d0e3dslmsud5hjkb6uff6', 1386677773, '', NULL),
	('gvhffl3n8lve282kj8uq18fr97', 1387468934, '', NULL),
	('h0jq50dovhiu5jnpoger6qvt55', 1388367377, '', NULL),
	('h2ele423nuqqtrt2jp7a1ei3s4', 1386407194, '', NULL),
	('h30qkpj8173bmmoklk5nrf86f3', 1387994128, '', NULL),
	('h39gnacoqtep7uhefkqdqcdb14', 1388506177, '', NULL),
	('h3rp8fi52a8uv51q8a6ouj5li4', 1387960467, '', NULL),
	('h4m8b43sb34fdbivnse1jqbn47', 1387683219, '', NULL),
	('h5n0nm8ifl3uh9m5scq2afgc50', 1388434006, '', NULL),
	('h7aa17bt7efuskiet1n8fb0dk3', 1386700072, '', NULL),
	('h7khg1qsjkjh51fpb26hgv1k23', 1386752179, 'injustice_id|s:3:"253";injustice_finish|i:1;', NULL),
	('h7ru0sunbpdviji911f5pcsml0', 1387813784, '', NULL),
	('h8b8uk7ibo926lsavva4akb4d3', 1388611614, '', NULL),
	('h8j4hlhm4q357rgk1pflnnou40', 1386402103, '', NULL),
	('h94oms8h5t4ipjnre30m8ktgq4', 1398072323, '', NULL),
	('ha8u38aq6dko0bralfneqmaeo2', 1386868405, '', NULL),
	('hait1nooc2a5edk1571rneq260', 1388217450, '', NULL),
	('hasnmfjh1au55k3s25vbo7mtu2', 1402056295, 'vpa2Ge6gAfItOgDCVDm0IQMakyR29WMSdmWxUEJJyoQxEsTtASP7-h9yvld0dC15xnSGZBRhJOtISkhK4pzxyag6KSwi8CqiGDe4n7AUlqVn_OfaTsFJcRdj955R_XysHwCmV2oPi6aQlTV3nfjpHw..', NULL),
	('hcq2nopod9jca5ov6b92abmqe1', 1386402754, '', NULL),
	('hdfmi11j16otasrv0kk9886ao6', 1388589886, '', NULL),
	('hdr8r9t21neuvg54kvnbr5dgo0', 1386691475, '', NULL),
	('he25ndc7gaj67csujn0p8rq652', 1387334508, '', NULL),
	('heft97pqbfv0q2hpcgm8h20sc3', 1387977435, '', NULL),
	('hfsr0gfi278e20vb64or8l6t46', 1387325211, '', NULL),
	('hi5utjlv5fqma9q3lnj1pib871', 1388464197, '', NULL),
	('hi62ilm6d12vtppmk5gu9vo300', 1386957988, '', NULL),
	('hjo5lp9o01jqvbr1f9scjmo5j2', 1388749222, '', NULL),
	('hkfi9l6n91p4n0j8asisrqg832', 1388324850, '', NULL),
	('hlc392lqnd5p8cc40hvhf3s3f6', 1388465881, '', NULL),
	('hm323i38jkh06s23de9niadst0', 1388423035, '8d03aba22dbb3ff091b823d1eb7d07aa__returnUrl|s:23:"/admin/injustices/index";', NULL),
	('hmgrtt4ft9r5pm3c4qrf6aqmb4', 1387383911, '', NULL),
	('hn8smq0nsghe2mg4dcg5alfj02', 1387808826, '', NULL),
	('hp2f0mejblf1lh1nifsvd8mvl3', 1387649964, '', NULL),
	('hrvp7rvf66jt67ia2i30690a62', 1386231080, '', NULL),
	('hsa6vgshbdjs8joncem57p5om1', 1388061545, '', NULL),
	('hunia79ah3noj39tvnmqtjt874', 1387032629, '', NULL),
	('hvg3rb54ka4k47c0b8c4sskfv6', 1387529210, '', NULL),
	('i10in03jnfhq752f9cm29hgbt6', 1387977437, '', NULL),
	('i10m8q0ren4slsnrkh0uh07ni4', 1387010271, '', NULL),
	('i1ibrkled10q7n3pkbi4qs5s97', 1387994128, '', NULL),
	('i2jsvppdnvd95f7d32o0nhg7c0', 1387889652, '', NULL),
	('i5furbi3idelcub2uma8m6oi36', 1386676417, '', NULL),
	('i5vqhj7h54ej9856tfo8j3c5s3', 1388724843, '', NULL),
	('i659lanrc35dg37h2caegu1ca0', 1387070856, '', NULL),
	('i6c48n4fnsvjtiuuinngrj9fu5', 1387327020, '', NULL),
	('i87mebrp2qd1jnqb7vg7g3f5q7', 1387911867, '', NULL),
	('i8dcceaevra57alog6tb25bcj5', 1387703570, '', NULL),
	('i9vgnkimb1m6pme2tquo2r9663', 1386698092, '', NULL),
	('iam7rcfqcdl24e59j0m74da661', 1386517860, '8d03aba22dbb3ff091b823d1eb7d07aa__id|s:2:"77";8d03aba22dbb3ff091b823d1eb7d07aa__name|s:5:"Guest";8d03aba22dbb3ff091b823d1eb7d07aa__states|a:0:{}', NULL),
	('ibh7avj20iilofgiec2399kp55', 1402050590, '', NULL),
	('ibocoha047h4398p42slbujrj4', 1399910096, '9-VxBte_J38zLDCXHHtc4ZXp0Rt3m6xxJLuHqV9oL1vQEvDKowqBoIG9Y9fcTWu7bzGUirxL9X23W0kZZMdK17cOBMy9r32ktE3CQ2ZB1FW896QJJJe9LFN-fVxqAQX1', NULL),
	('icibhp3gaogcb5c7hs5lvjpeb5', 1386728629, '', NULL),
	('idr46pou1mtmais93m36j8r9q4', 1387461834, '', NULL),
	('iduohjhhicl5femapa0l1debo4', 1386163910, '', NULL),
	('ie4btrutmoqkhijhb06otdvhp6', 1387138600, '', NULL),
	('ieci9b1e732ps8mavffnjju514', 1387691519, '', NULL),
	('igld08uekpr9l2abakh8a9opm3', 1387853515, '', NULL),
	('ih0idhh0si1ja1ropo53qfieh7', 1387053419, '8d03aba22dbb3ff091b823d1eb7d07aa__id|s:2:"77";8d03aba22dbb3ff091b823d1eb7d07aa__states|a:0:{}', NULL),
	('ih7e4g1m6t0do17e5cbd9jja10', 1386173756, '', NULL),
	('ii3v1oei1eta6iptg4duej94k5', 1401009171, 'lqjXwmfrvO3c2QCNkdHMDYhYrgYQFmKI0nOpikkU0oT0pPpn80G0TDx90UnnGzXAzslLw9nItFv_vErUkB-b1x5X6K5CofoZE_fuo0RKmORgtw3dNXud_O3YMsxpfxxc7LuE4OhI-PGnHzOuYqzqqyEHXo26-dXw6G0aKLz6FsruWCavY_avvx0bOIN7arnTlb47NiLLd3xDP1E8peZsoQHXiftcPj2IeElFI9b81_E.', NULL),
	('ii7pc6lpsu8e16ned3fogfau64', 1387836783, '', NULL),
	('ij6ntprr5p3mgnhr5nh405qev2', 1386551198, '', NULL),
	('ilfvr2m18jkb6t70hbtviuav22', 1386523870, '', NULL),
	('inc1j33n8fs2ipbnm6sla3l091', 1387037859, '', NULL),
	('ind8rkek68sa47tesnpa7v2856', 1387408465, '', NULL),
	('injkg0c2lpnndvf1b96nnbsc16', 1386168857, '', NULL),
	('iobfin413be6v3rlv7glf36gu7', 1387580881, '', NULL),
	('ipbk3l850dh9njfvrk1q23p4e0', 1387444248, '', NULL),
	('ir55nsdhkhg5rtltnfle4olud0', 1388693964, '', NULL),
	('is4tirp9esmpuib4p5bcraado2', 1388229702, '', NULL),
	('is7dlbq0u143ie5k5cucc45o30', 1401106871, 'UCmYUPHv0_F9F_oFpxsS4y8u39UNG0uHOjuc0LCBIV_J63BXk4EQDUzPOuKVkCHpooXk_SWeh4Bavt4wUvJ4NNbpau2Nh7l5_nqqrY7576vWbqshqGu_EuxAbURVnSh_SNH6leoe4Qy1D8-4YJE0n2QUQB939srzReYVN8sx8Uku5xkjuD1_Pe5JZfgbnqtZGnkQxFU3D5-y_guyKTR2KmhSffoI5VpjhaL6N41mOvsR9iGaCx05iuKGHXK6_8lgiNlDFX26YrNyA540QWU08mjD7xl9t5c9HiWk8vTeVJ3MpN_Rh-FhHGQMAXJXVrWlP7EZl5gMTi1YUohGy10s5DECFxvwVb1s4Gv53bj-3at_e1RJJPYYgJkEEjEuLPoB1dtJdrXRpDZaYUFw0vKZo4F8ivJOr8C5n_9s7B0oCnFBYvV83J_--6HO96ldRG54caQyt8POTT7Wi37df9Hw-aCRf9XvdiJCLbaVQGv74xxG4mbZbDYFqYP8BGUSLQxz_PElM7WXyl6zsiboALpu5NuSqcN9kYrjJLHrbqt6yDLAayxIJXOn9_pK0KCU8iPjgCv9UAjhU4ZxBkpKAerFFM4NNgVdICHwaBjH0TcNYpYL9ud6LNB6wAhaChZF9YXzbXDLts2EmzHGv4eNdakZgbM4XfT9p6QzRYNKd0CTJoRghtRv_P62SXgcMLElDkwM7p7KWZwk3OeOgiR1p8pZXM0FWzywkzN-c9NcGj_CaTUi757BCeRvxknE1WUz4LZe7sZcB6OXdzFLM3-abj4D3U-3JiqL8a6NjcKLWjc5yDgPDIFcxa9RSZIVzLw6k6rTgq8564tnU82j-kuNQSpGMtPodWGJIIvYIr-wwLTaNpcLgpqY_nkfkd8xjUN2fTOliepC0R7ROZDrBsJD_MlQ2PPznYwOVAXvdflyA7Qp03SB6tKtgnD5NRrozU9FXQbjaTNs4I3iTA9SGkOoTWvORtZ5a3wlhIi2l9886JQigG8.', NULL),
	('itkclb56prn8k4fobuobbl0ib4', 1386408382, '', NULL),
	('ivslb313huoevook39c00aeem7', 1388172963, '', NULL),
	('ivuqtfv1nqeavq2t9qnohn2ud2', 1387155200, '', NULL),
	('j038ieabnomfebco75or1pvdf6', 1387573625, '', NULL),
	('j1ft86l9ivabgj3gttna8gcah1', 1387743325, '', NULL),
	('j2emnavn6qu7hjodekfeianae2', 1387938573, '', NULL),
	('j3umn6fk4jslo3p3n2p7h6c6h0', 1388514080, '', NULL),
	('j48k3qhctin3s5qsplpr58aag2', 1386687500, '', NULL),
	('j7hkbs7ug90hqvtd4a0ff23rj0', 1388734103, '', NULL),
	('j882or04t25f1s4s0acm1ertl5', 1388434005, '', NULL),
	('j8qsnb84dvpk8mr74ueflhamg3', 1386662280, '', NULL),
	('jaqmj4h9uimnebtpcag1rs8272', 1387844785, '', NULL),
	('jcckull9t4hraqffuhfu8nkhd7', 1387978771, '', NULL),
	('jdfr28qks4ol1ce576888m8mf0', 1387750238, '', NULL),
	('jemrh0oh96hae258i3rs4q85e7', 1387776518, '8d03aba22dbb3ff091b823d1eb7d07aa__returnUrl|s:23:"/admin/injustices/index";', NULL),
	('jet0soldrd1lj4u51k09ecsdm5', 1387650886, '', NULL),
	('jet995nlu0rjdlsphefb998hr6', 1387976991, '', NULL),
	('jf84vuna35jg069dico3ongjl3', 1386409007, '', NULL),
	('jffstiv6g8ap71s5utt1b6ld40', 1387889657, '', NULL),
	('jfrdn86ahekbfpmpa53loqtcb4', 1386509950, '', NULL),
	('jg57v2ckhglh6jv50nc8ra8kd0', 1388413532, '', NULL),
	('jglcmj2as58v3a5adcnjmhaau7', 1388336832, '', NULL),
	('jhgle8578kjvnoq4rii33ojdk0', 1386486750, '8d03aba22dbb3ff091b823d1eb7d07aa__id|s:3:"102";8d03aba22dbb3ff091b823d1eb7d07aa__states|a:0:{}injustice_id|N;injustice_finish|N;', NULL),
	('ji65tfjvrhg4omem79lraivh74', 1388168547, '', NULL),
	('jjh0cthqef0i6qq14ahig5pd77', 1386755393, '', NULL),
	('jjo6o02cqhv5c1mnkjin8mv8k2', 1387650167, '', NULL),
	('jjv6h6i13qju2trfk028hhbrq1', 1388611614, '', NULL),
	('jp8htlohfsda9n145vcc8tltf6', 1388041657, '', NULL),
	('jpp2absia9er76095b5j0rcal0', 1386779143, '8d03aba22dbb3ff091b823d1eb7d07aa__id|s:2:"77";8d03aba22dbb3ff091b823d1eb7d07aa__states|a:0:{}8d03aba22dbb3ff091b823d1eb7d07aamessage|s:0:"";', NULL),
	('jrur3h82d4oal3ujr3adqomq20', 1387772715, '', NULL),
	('js6tgp4vblj12r3njh4efu8ef5', 1388176381, '', NULL),
	('jsvtt0k9lm3p4mto15jfp30da2', 1387851151, '', NULL),
	('jtj2dvv3v6keahfc1klj6r0u15', 1388611614, '', NULL),
	('jv6tvqtjuiplhtjabkfg526a01', 1387851577, '', NULL),
	('k050k8d5hnh9ugqamf2slpsf83', 1387890116, '', NULL),
	('k0jkmb3banlch1a70cb8ok1eg2', 1386820693, '', NULL),
	('k1ebcrgfvsem37pu22kt7dsir0', 1388413535, '', NULL),
	('k4mn8ols034ekv3uuce7fuvma1', 1398879565, '8hQF0uytz8V4Rbu932guKYJ0xkW33goFl5ksEqiENuZ9a_xZD-Qfdp3tDlRio6EJSuH8ALuJnlgAlBLD7bABupuUF8F2JoT_m91oQYQXi8npqx_OGN_gcmC9urjlqoatBvIJ-6saDXdluj01MACuFQ..', NULL),
	('k5amqih9tv2ahg4vbfh1e8hdo1', 1387297657, '', NULL),
	('k68b98phrkl2q92vq73s9kvi61', 1386197041, '', NULL),
	('k7017so8va6vfi9u37cmji5qv6', 1386946120, '', NULL),
	('k7tklv1jksjg0tgl56e3otfs84', 1387297657, '', NULL),
	('k87m75kvo0eqh9ibsakmtam8l1', 1386669038, '', NULL),
	('kbhbpv6kcp6ifb92dessapevm4', 1388510567, '8d03aba22dbb3ff091b823d1eb7d07aa__id|s:2:"77";8d03aba22dbb3ff091b823d1eb7d07aa__name|s:5:"Guest";8d03aba22dbb3ff091b823d1eb7d07aa__states|a:0:{}', NULL),
	('kc1hetq2jnr0ip8c9iuvfn0lg1', 1388675932, '', NULL),
	('kcka1f5de9r9c8klsic5ds7od7', 1387579547, '', NULL),
	('ke22bbbrusnepdi9mvvmp4on43', 1386482642, '8d03aba22dbb3ff091b823d1eb7d07aa__returnUrl|s:29:"/admin/victories/update?id=45";', NULL),
	('kgdp848kbdta5gkr61qai5qkl6', 1386689304, '', NULL),
	('kgfptfi9h5o53qqh737f31ls37', 1386179398, '', NULL),
	('kh9daophu32nugevj8vpbpp747', 1386167920, '', NULL),
	('khc2j34b5gnsqgsr8da5r515j0', 1386689677, '', NULL),
	('khr53bc84scsqhdgchtgkm7vr1', 1386682273, '', NULL),
	('ki06sap7k6j141gouq2jonubs0', 1386681150, '8d03aba22dbb3ff091b823d1eb7d07aa__returnUrl|s:23:"/admin/injustices/index";', NULL),
	('kie9m68m57tqhr8d4lda2q1po1', 1387313490, '', NULL),
	('kim5hcjddc5gj1a4lnltc4und7', 1387699146, '', NULL),
	('kio2d7gqdsnv3142fhletpl2n6', 1388392307, '', NULL),
	('kmerffcnc3iov6k5oafori9qc3', 1387067390, '', NULL),
	('kmhait9lebdvi180mv3rqr98o6', 1387681929, '', NULL),
	('kndbs4njnifk408d1kn27i0kc3', 1387092041, '', NULL),
	('kpbe2dpnmv6p3v67knfs8tbga0', 1386584811, '', NULL),
	('kpbpe7755llsgjla6ej7h4sc92', 1402640561, '', NULL),
	('kpd4rqk9fr7okoe0rfqda2dld6', 1388440193, '', NULL),
	('kqjkqehdl8v356o58v66255t23', 1388705544, '', NULL),
	('kqqm4mfn4d61pf0mhaschh2c41', 1401100070, '28THJINzBEh0kcgeKKzne0EJEPPrC7geSKXMKkAM0YkY01v6MAeYL1yrWV5tLnwanN2QhZpwR5E8u8Z_6eN58a-w4FSu59DWK1EPPqRS8kxcZqVsBm9IEX0EVTKKGsgHiR8VXC8foxHa5aA9r2u32BcuAnEIeIBwVfHdEToi2QkHFf3ppGspLWkG-2MZz8NCg-GGLPo887fMw4k-wYnxe03uV9p4RAKJsPLh96SGf2fMOT2nFxycrAoSI5cvYw3h', NULL),
	('ksl0poegpt1vqddm2tvc324u82', 1388434186, '', NULL),
	('kt5bvt3i403jkb79hhesekud35', 1386167486, '', NULL),
	('kt82c7cqph8knuv66gf2g6sh85', 1387808950, '', NULL),
	('kug6t3kp480fv8nkgrin810am3', 1387998695, '', NULL),
	('kv5c6ovkqdjg03uukuglf48bt5', 1388061547, '', NULL),
	('kvaes6j6dhql3m838b4cqkj1k7', 1386430278, '', NULL),
	('l12ut5v7trjv8tprukch3j95j2', 1388686290, '', NULL),
	('l2ouv994n5595n355aq0g14ud7', 1387085420, '', NULL),
	('l302m34c4jcb6nhfbeuh68vtn1', 1388662230, '', NULL),
	('l30vrp9c92es8lr2ep1a3uhku2', 1387727514, '', NULL),
	('l3dikjc47uj8amp5513vmlvc02', 1387556044, '', NULL),
	('l41lm9s80hs4tp9a74gb0qq671', 1386652926, '', NULL),
	('l4op09v7bqs5so83dmb39fpl90', 1386691830, '', NULL),
	('l57ipttv6l9d9m37g74a499sl4', 1386805062, '', NULL),
	('l7lv77v9ck38tb9mrbkg553l85', 1387838868, '', NULL),
	('ld7spstv72emps8r0lakuciqg2', 1401371600, 'wG0BCYiKCVvwp-dD2YPORDuzbBXptX7984jW7kqCtCS3LcHRjFu20A815MK1gH4sXKg37c9aVidUkFMZjRLgt8uL5mXRgY83n8mrk6_h_As.', NULL),
	('ld9a2j1id68lr5j0cpjp9a7sn0', 1386586864, '', NULL),
	('le4onkbm1dkgem1gpah45cldb7', 1386842646, '', NULL),
	('lelodi9n1q8m9sra8kj36oalo3', 1402056295, '', NULL),
	('lg4o1886v68v4u3953hsu2bk32', 1388348921, '', NULL),
	('lk0st4f353085qiihmgbguei83', 1387447911, '', NULL),
	('lk9l5l1abntmj3bo6ehp36oap7', 1387814691, '', NULL),
	('lm6bamr88art8eudr5p653reb7', 1388391267, '', NULL),
	('lmvl5jeiaul6vrvdoo5hu71l95', 1387578589, '', NULL),
	('lnc1t57srgu57km1rmdj9pru76', 1387302994, '', NULL),
	('lp16c0k0siair98j660kou42c2', 1386583994, '', NULL),
	('lrmdvbppsq84uf74r35b9l82h4', 1386756761, '', NULL),
	('ltg37f23g8op0abvganj6k25s2', 1387451999, '', NULL),
	('luqsb3he76tqvtum0bofjqcta3', 1386356652, '', NULL),
	('m0c4fl310ie4h3luk9truuup60', 1387012894, 'injustice_id|N;injustice_finish|N;8d03aba22dbb3ff091b823d1eb7d07aa__id|s:3:"113";8d03aba22dbb3ff091b823d1eb7d07aa__states|a:0:{}8d03aba22dbb3ff091b823d1eb7d07aaassets|a:1:{s:36:"194c747694a3d12235baee358eabee67.mp4";a:9:{s:4:"path";s:93:"/home/www/vhosts/nespravedlivost.ru/httpdocs/uploads/tmp/194c747694a3d12235baee358eabee67.mp4";s:13:"video_preview";s:56:"/uploads/tmp/video/194c747694a3d12235baee358eabee671.jpg";s:5:"thumb";s:57:"/uploads/tmp/thumbs/194c747694a3d12235baee358eabee671.jpg";s:8:"filename";s:36:"194c747694a3d12235baee358eabee67.mp4";s:4:"size";i:522060;s:4:"mime";s:9:"video/mp4";s:4:"name";s:22:"horse_run_1280x720.mp4";s:10:"state_name";s:6:"assets";s:10:"delete_url";s:93:"/injustices/upload?_method=delete&file=194c747694a3d12235baee358eabee67.mp4&state_name=assets";}}', NULL),
	('m10r4vmmvg06vqeg0k2iggoaq4', 1386670749, '', NULL),
	('m13oqnljr6jaqg0decos3m9nu0', 1387890118, '', NULL),
	('m2pena1h9u9cm14khm3t4f6uu7', 1388401330, '', NULL),
	('m4vtn1u3tn6l6a8unmufasukm7', 1387857165, '', NULL),
	('m75kbrlrk732tlvdpagd811vh6', 1387045583, '', NULL),
	('m9aj20td7hi8papqgfmq56j0n0', 1388199919, '', NULL),
	('ma5b97nqt1degkf479uflqpog6', 1387691509, '', NULL),
	('ma82jagg4vnipso04nchq98jk3', 1387396594, '', NULL),
	('maf1h2u3dgbue2rj8j9rlfgrm4', 1387718848, '', NULL),
	('mag9grrk40ohj3p21m0fi8b1b0', 1402257513, '7W_oYZv8JJqWH9mKvh3RlYHe1u3YDdUaMj_aJGkRYE43aXKU4i7a9mgkjY1cniOW7G1olyHlYOaBDkEy4qaQgqyc4UGJFVya4GbawYWFTyU.', NULL),
	('mahj25b77020opasqgm93pjdt2', 1386935288, '', NULL),
	('majvhsn5mcsehc43hl063vj5q2', 1386418109, '', NULL),
	('mcijka2h3i1u87e3uvr68hsg25', 1386294390, '', NULL),
	('mec09l2h9h160cob2po5qqb566', 1402056229, 'C-7qUcTjOkPGKt1nYTITEkOiitZPEPekgC7F0wxQwzSQOYsQjXXE13OTIj2ZYfFMS3iExTyWkYSpULLWfbtzDq3-TiM9PCNEEebKtyVkkZM.', NULL),
	('mev1npkma1182d907clqbatla7', 1387761091, '', NULL),
	('mgana9ahba5ae66gcv1btlak73', 1388336994, '', NULL),
	('mgf676u3n21vfdv2bi5hg7eq06', 1386919430, '8d03aba22dbb3ff091b823d1eb7d07aa__id|s:2:"77";8d03aba22dbb3ff091b823d1eb7d07aa__states|a:0:{}8d03aba22dbb3ff091b823d1eb7d07aaYii.CWebUser.flashcounters|a:0:{}', NULL),
	('mh13iu1asie8rh8kgmni6pbk33', 1386705111, '', NULL),
	('mhmtp2fm9kuhjpbgffcnven1j0', 1386401071, '', NULL),
	('mhtlv8f0bf37oe0j1s3h4rugc5', 1387440423, '', NULL),
	('mkh01c1bmtoma0i1a3r664e3v3', 1388749889, '', NULL),
	('mkjask8bv0fkrmpinvvisiou41', 1387953371, '', NULL),
	('ml56ic9nhj1elri5uskojmmq86', 1386180206, '', NULL),
	('mlojm4aijolfo1hr7otcdg28p7', 1388434002, '', NULL),
	('mnkhlc312rlc2hns9643rh1st7', 1386902091, '', NULL),
	('mp1esotfvumd8drdsqoslr5k72', 1386706687, '', NULL),
	('mqv4ntcr3m5rmpl51ph3austl6', 1386555248, '', NULL),
	('mrdqanrjmjrm4redp12pprkmk4', 1387092035, '', NULL),
	('mt05a4cc8ndlpif7dqhvsritm3', 1386567715, '', NULL),
	('mt3sje4qk072dion5mpo3sqrm3', 1399233244, '', NULL),
	('mt77ipdrverlkj9pcsnj86fio4', 1386668989, '', NULL),
	('mtbf8gusqniipfvjbhck1q9lm7', 1386947541, '', NULL),
	('mutf8k4qnmo4do1gp3svui75k7', 1388217605, '', NULL),
	('n2p9dcm4jq6nt7nh02ugctgoa3', 1388592793, '', NULL),
	('n3m1jmfslje4r9hud4blsvfnm7', 1388548349, '', NULL),
	('n49niqk2raggkpgiugeoqqekv5', 1386314721, '', NULL),
	('n5sobmm8jrfbflicj6kb6v5010', 1387790920, '', NULL),
	('n6ii4i5vggs7dcruak6u7i8t42', 1386667823, '', NULL),
	('n71pa1jtqb6ecs14888p7ul466', 1388459527, '', NULL),
	('n84v8nd6uanq1v46lcoss7qkl2', 1387153922, '', NULL),
	('n8dep3b1lcetid6ju31k852iv1', 1387309314, '8d03aba22dbb3ff091b823d1eb7d07aa__id|s:2:"10";8d03aba22dbb3ff091b823d1eb7d07aa__name|s:5:"Guest";8d03aba22dbb3ff091b823d1eb7d07aa__states|a:0:{}', NULL),
	('n9kuppi8lqh009h52g5ngt20v5', 1387117411, '8d03aba22dbb3ff091b823d1eb7d07aa__id|s:2:"77";8d03aba22dbb3ff091b823d1eb7d07aa__name|s:5:"Guest";8d03aba22dbb3ff091b823d1eb7d07aa__states|a:0:{}', NULL),
	('nacv0lut1bpar4t78u2hnjqpe7', 1386420919, '', NULL),
	('nccu61n3ulhhr8b6g43b1mjjt4', 1386699110, '', NULL),
	('nd8ubgs10d9ljjfogmpkbtmg96', 1387394781, '', NULL),
	('ndglkbq5dv0vh43klrns3gvju1', 1386418117, '8d03aba22dbb3ff091b823d1eb7d07aa__returnUrl|s:42:"/admin/injustices/update?id=235&tab=assets";', NULL),
	('ne1ocdaustu5bhajobu1tr0pd2', 1388189607, '', NULL),
	('ne76oegjupt9tqv1hb7he9n8o5', 1386158100, '', NULL),
	('nem0tl8pfbfetjmg4hpe07sfj4', 1388481195, '', NULL),
	('nf35la8il7lqr695ctr7lhgun4', 1386924808, '8d03aba22dbb3ff091b823d1eb7d07aa__id|s:2:"77";8d03aba22dbb3ff091b823d1eb7d07aa__name|s:5:"Guest";8d03aba22dbb3ff091b823d1eb7d07aa__states|a:0:{}', NULL),
	('nfuj99kme7qdbr8qh8eeco2cm2', 1387400230, '', NULL),
	('nh1303l5mqcg81icd12mvgftu5', 1386247368, '', NULL),
	('nh8td6of7mn4thn2uha43f6uh1', 1386713588, '', NULL),
	('njadtmm9kbgedkjdg4cgverl31', 1386695431, '', NULL),
	('nlaij080nkuj1291cthaaadkt4', 1388648622, '', NULL),
	('novcai4p12ga0mo68f657bp986', 1388662637, '', NULL),
	('npi1nrou5snfdcrapfjavs4ar4', 1386160947, '', NULL),
	('npm801mkpiq1tht8ds0fplcfn6', 1387889654, '', NULL),
	('npoviccrl9b6hujoi35n9u2ir4', 1386488203, '', NULL),
	('nq7h704f90h6qrh1rpsocrbt24', 1387027254, '', NULL),
	('nqh7dlpfb1b4b793ralkvf7q56', 1387303645, '', NULL),
	('nqq37env9qf0vgkvm2iur32qh6', 1387042705, '', NULL),
	('nra8gsep3jdc0blqgttk70gal1', 1386708591, '', NULL),
	('nrs2qjomcaift0aqqp9e28o8a6', 1386486699, '8d03aba22dbb3ff091b823d1eb7d07aa__id|s:2:"77";8d03aba22dbb3ff091b823d1eb7d07aa__states|a:0:{}', NULL),
	('nrs5imeo76gmbbflkk0fj8qij7', 1388569284, '', NULL),
	('numg6pinjhsductu2mf8ql75u5', 1387744352, '', NULL),
	('nuodasnhpk06nseqc531u7eju2', 1386684310, '', NULL),
	('nv8t3h85ijonf5cnsqbub8cm26', 1388539974, '', NULL),
	('o0bfvfubeijc53mrntmomalmh2', 1388217787, '', NULL),
	('o0iav5npb4n97asf79uug03904', 1386697438, '8d03aba22dbb3ff091b823d1eb7d07aa__returnUrl|s:23:"/admin/injustices/index";', NULL),
	('o0ockdmajkahfsc92ssj02qa84', 1388060909, '', NULL),
	('o1gga1lt7ij5755jqg548ur195', 1386734811, '', NULL),
	('o2egr46l01lprfq7ufgujngpq3', 1388128177, '', NULL),
	('o3c0l0ajsm8sbd84isq9m38e14', 1387424596, '', NULL),
	('o3j43bl34hoj2erigdoprvq3l1', 1387650013, '', NULL),
	('o4a1eujvhgl9n0jn2bdmq78i03', 1402553704, 'QoL5Zo-Dx3NxLsDtaPaDlQyao-frs0ss1cCGo7vEAajBCS_fhYTBvlGuWgJK2Chgv093BLsbYNCitF_M_Cu88Yy52Fr2WCvH39zZieWclIrmFHE2yXOp8I1KB0R6-XLr2daDU0XSCeg3hXjASbzgseYj_AiIT38UB7dgdosALAb5PpmrggjLUmIVmm9gfPU2ribsolLguRKygsSmkoa4qlJ_5Ke5S0dKeR0pt8OdWXjUpKG6-0D1A8Op2eVwfrWXQQ2yCFYlbtV4_hPibdfUiX8swjS3Nnbuem88_h4pB452Z6hWOfknOBU4L2HaUxi5Vy-riTSA1mr_eF8b2qc0XA..', NULL),
	('o5e8e23o10rlajagpk2bvj4dg0', 1386178591, '8d03aba22dbb3ff091b823d1eb7d07aa__returnUrl|s:23:"/admin/injustices/index";', NULL),
	('o5epailqmpa3toq89rb382kf75', 1387485175, '', NULL),
	('o8jjilsf2ic04fimui9141vq21', 1386294335, '', NULL),
	('oa71nv73ikrdvc13n28c4k9li7', 1387845185, '', NULL),
	('oa7tv9j2dsqd39phkkrvggvbk2', 1388673165, '', NULL),
	('oanu42u4e32dajebdvkddrtp63', 1388440593, '', NULL),
	('oaqu08i71peo0sl64rgffvk150', 1387577126, '', NULL),
	('oarppjs2lqd0hdc7cfk546lr80', 1387384443, '', NULL),
	('obfo45ra0jcr6m63sf2cnubpk1', 1387387170, '', NULL),
	('oe382ban7iuqq804m4rqiuk6r0', 1388678180, '', NULL),
	('oe9g54nes7dme9rgb6m8cedtg4', 1387770911, '', NULL),
	('of9e97uv4up7dqgb810e13slj6', 1388442881, '', NULL),
	('ofco1u22l9o3ofatmp6qc5co64', 1386480314, '', NULL),
	('ofihd5ql9ofnscu51jka177oq3', 1388675935, '', NULL),
	('og6fajahh1399c3mutoccea5f5', 1387042705, '', NULL),
	('og8lrf8qjd6398p447egj1trf2', 1387428347, '', NULL),
	('oge0f7l8bmvt2okd59g636o1t0', 1386248193, '', NULL),
	('ogh5f2c7pgu84ngbj7cniv5j02', 1388400809, '', NULL),
	('ogh9b337d98l42pk23nv78f4j3', 1386683626, '', NULL),
	('ohast16iivgvkfkvch0danp2s1', 1387340397, '', NULL),
	('oid9ta4p5itavb5itvtqdk57n0', 1386864223, '8d03aba22dbb3ff091b823d1eb7d07aa__id|s:2:"77";8d03aba22dbb3ff091b823d1eb7d07aa__name|s:5:"Guest";8d03aba22dbb3ff091b823d1eb7d07aa__states|a:0:{}', NULL),
	('oj2kvmijbbfs7j35mtrmhruk13', 1386402957, '', NULL),
	('ojdnpclvkq2t2akk8j1mg7ekh0', 1388751680, '', NULL),
	('ola4cmpi4s98bc2r9u6ehq0jc3', 1386701015, '', NULL),
	('olhjb1d4da8l52s2gave4qtej3', 1387284289, '', NULL),
	('om6v1p0p7rokubdh3llbb4quk6', 1387262314, '', NULL),
	('omf12la8mbfdq41ncbitrngco3', 1387935807, '', NULL),
	('one2uln52fafn4t8o125d3qia6', 1387491377, '', NULL),
	('onveqp0jhtnbfle87m09l3gsl6', 1387821498, '', NULL),
	('oqb0hea6qcqtbghi2vuptqfv05', 1387043651, '', NULL),
	('oqu8bskkfnelli7vmuqm1f1rs1', 1388654752, '', NULL),
	('osc2khajenb5m4c758r5v3avb7', 1386754610, '', NULL),
	('osgsek722vv5fna8tj5s6gilq1', 1386715922, '8d03aba22dbb3ff091b823d1eb7d07aa__returnUrl|s:22:"/srbac/authitem/assign";', NULL),
	('oslvqedigat7hpa2s5hq76fjg7', 1386690067, '', NULL),
	('ouuthgg433d0djvlvh3pa3o455', 1387787203, '', NULL),
	('ovs5t8a734rdpg97481supqtr7', 1386465252, '8d03aba22dbb3ff091b823d1eb7d07aa__returnUrl|s:25:"/srbac/authitem/frontpage";', NULL),
	('p0moamjlge5rk2m4ndgcs28494', 1386701337, '', NULL),
	('p1654pfo490cihdqg6651cs6b6', 1387119365, '', NULL),
	('p2grlvn9ume0em841pe9mhq6i3', 1386432409, '8d03aba22dbb3ff091b823d1eb7d07aa__id|s:2:"77";8d03aba22dbb3ff091b823d1eb7d07aa__name|s:5:"Guest";8d03aba22dbb3ff091b823d1eb7d07aa__states|a:0:{}', NULL),
	('p3bivtca9mc1m0lo1mhlduq714', 1388321852, '', NULL),
	('p4ln1o33snfmnlrao92iuel2k7', 1388483958, '', NULL),
	('p65uh2eg9mobd1us9evbb1g1b3', 1386437686, '', NULL),
	('p6sntn25eadmtgeargsprmlpn1', 1387090435, '8d03aba22dbb3ff091b823d1eb7d07aa__id|s:2:"77";8d03aba22dbb3ff091b823d1eb7d07aa__states|a:0:{}8d03aba22dbb3ff091b823d1eb7d07aaYii.CWebUser.flashcounters|a:0:{}', NULL),
	('p77vsd2erqtlmtm0mqgk2v0j87', 1388693972, '', NULL),
	('p7as8fpihersacq1v7gkc5gq77', 1388129109, '', NULL),
	('p7bhh6mfj0ruk9auaoq0fhdpo1', 1387836718, '', NULL),
	('p7tha8gd1gk675m19i2k3oblm0', 1388196080, '', NULL),
	('pa1itqnu2nvb35lq0vtbtkt373', 1388553834, '', NULL),
	('pdhki1s7m9njagq4cfr1of86l2', 1388061548, '', NULL),
	('pgqlkorlic115d9nne2obt0m60', 1388236048, '', NULL),
	('ph69lssfub3ihpkodfjedame06', 1387429536, '', NULL),
	('pimgd0m324467kodfoj41q6v11', 1386462090, '8d03aba22dbb3ff091b823d1eb7d07aa__returnUrl|s:33:"/admin/managerCities/update?id=17";', NULL),
	('pk0rl0g4688enebjm168e4lpe2', 1386273631, '', NULL),
	('plgdqk12svm2lr86aocnv8hjh5', 1386702276, '', NULL),
	('pm7j7lkncre6elm4ln571jp5m0', 1388128174, '', NULL),
	('pmtjt2dlg12losdpig4mjfke30', 1387269208, '', NULL),
	('pn5v5v4j3p95tggafur6ilqh63', 1386166595, '', NULL),
	('ppjt7q5qjofb0sg8bd3iearib0', 1387792924, '', NULL),
	('ppunl7fb36t6rcqd9f295tl543', 1387400227, '', NULL),
	('pr0hf415jdgabq3njkr06fn8b6', 1388592245, '', NULL),
	('pr34nkeen4l1u464cb7anfrk60', 1386821550, '', NULL),
	('prhhphe0b55h6b240rj3d958t5', 1387526824, '', NULL),
	('pticacknd4quc58r2ihjsuu8k3', 1388370765, '', NULL),
	('ptoe9sedsdeftpipopcsrj4h82', 1387809004, '', NULL),
	('puvd7nd58ejj8nkur7bav5ogm7', 1388644451, '', NULL),
	('pv11tksq5q1p9fhcjrp9pu8ob7', 1386327509, '', NULL),
	('pvhlhbuuoqf6g10jml5kj5j0d5', 1386402756, '', NULL),
	('q1h2tvptui1s9i12rm8no3jh82', 1388168459, '', NULL),
	('q1qgoc2b95jkutc6p801s15d56', 1388693960, '8d03aba22dbb3ff091b823d1eb7d07aa__returnUrl|s:23:"/admin/injustices/index";', NULL),
	('q1u9le5i2jvhp65uqa5602mbb6', 1387801477, '', NULL),
	('q20j977q7u8lsk7ou2pbdfpai3', 1386967969, '', NULL),
	('q3gc1gc86sfe75dk8h47568o36', 1386669364, '', NULL),
	('q3ku157cvhhbhl3lpvsthem9i0', 1387842048, '', NULL),
	('q55ji3230pv7pbaobcr4clbgf3', 1402650668, 'IXZCxcnrH5u91a8xQaz4yXITnWELRzgf75Q9RieeW4IQmQaU59390Mwb7OvGbOOBqrVVfjNOMS0a0fkrqrqcy6VofRpTgz5FpGLDO22O47W9pUvDoXGo0d35SBMx5JhUYsqKxNhMEog445mFvVXY7_ZDw1d5ebdwhVkq8Vp7qMASd1WbtOsQsTIHTozDmeTYtFD9Z0IDWpD33IjYZ-4fwYvmeAzKE_Lebv7VQ98x0El1Lt-_ywwmFq6KYfCPQY6Z', NULL),
	('q5b1o9hpfg0eviirr5folspao6', 1386678112, '8d03aba22dbb3ff091b823d1eb7d07aa__returnUrl|s:22:"/admin/victories/index";', NULL),
	('q5e7vtu5jjbeqqfpfr2pe6mb25', 1387297225, '', NULL),
	('q60q3gdfdtauiiggs4bh0ubg66', 1402425292, 'KYELx3jOCs8onVQdJMqo6M9D-i5VKh32q5ZLjH-DszXiX7KjWUIIRjv_1l5qfwObE7c45TAWj5nbTuzSTCq-AzOC9W-Pq-Ko9pVfHfVCE5PKx06i_WGX9Bs6tjL-v3cMOIryAr8xbtfH5f6T54qpQHCrIMo5o1sVl_jqDezmSxX3AqndcwGmDhiyxrUpuRFUKFd1VDYnmYwRx4ZDPomVGbS5djF3v3PiPZXHRoS4GwQHSLaz0m1rH5iUfXBfwlhEiv5840mIC_uQMOuklgmeWYci7GNhkhb06P6DawC6EAQwBKJ_Y1ARK6yVaYxSTB2KoeUokm5EQkPm4SntFgPj6K9uU8ZFseVQGRIdEn3xTuRoeGJWlITgef7bHH5BLUe8_-FyW6wjxFX5ZyMsJEqCzg..', NULL),
	('q62o4qu6vgtlmr8tudt9gboh54', 1386693290, '', NULL),
	('q91eh4gvnafk1gk4h2knsa4690', 1386682620, '', NULL),
	('q9e34tjq7e5ubhcp3n2tubbd44', 1387297654, '', NULL),
	('q9neb1s0j8h9q6tshfqib6ic64', 1386585907, '', NULL),
	('qc4gr6ekj725g5hv4gforu2b35', 1386695203, '', NULL),
	('qdos387v2mk6036v35a4vvr8h3', 1400700945, '', NULL),
	('qdppu4qr7ipe6kb96n9gkiec47', 1388170816, '', NULL),
	('qe2a3fari5c51g9cdqc7eb20r7', 1387372327, '', NULL),
	('qek946gokdlo7pes9k3aiacg76', 1386611356, '', NULL),
	('qelvvjvkulhnvhpt2go4cqvgl1', 1387060768, '', NULL),
	('qfsq7phdcga23ta9sfe2mtspp0', 1388717496, '', NULL),
	('qgnj1993mpom2im13oplhmo4b6', 1387217319, '', NULL),
	('qijq7amb5enepr4ipo53jfj5e0', 1386403851, '', NULL),
	('qio9k126gcgljguijh3qo64d15', 1388059397, '', NULL),
	('qjdl9cpku7r1av7e8m6v29ori1', 1386558353, '', NULL),
	('ql37q30hnsscsohh4ias23ftb4', 1387719666, '', NULL),
	('qlha9qfflr8mfq5s8qoqd0ic85', 1386678976, '', NULL),
	('qlih01hccjmng9kol0c01opb11', 1387053245, '', NULL),
	('qm00bf6aatcq27121kpnpouu15', 1386846660, '8d03aba22dbb3ff091b823d1eb7d07aa__id|s:2:"77";8d03aba22dbb3ff091b823d1eb7d07aa__name|s:5:"Guest";8d03aba22dbb3ff091b823d1eb7d07aa__states|a:0:{}', NULL),
	('qruro25ttopgenmirql2dgu1j1', 1386676815, '', NULL),
	('qsbcmgkt1ujprptial7lgmcri5', 1386342867, '8d03aba22dbb3ff091b823d1eb7d07aa__id|s:2:"77";8d03aba22dbb3ff091b823d1eb7d07aa__name|s:5:"Guest";8d03aba22dbb3ff091b823d1eb7d07aa__states|a:0:{}', NULL),
	('qsos3jru9299rot3g6qns5kcn3', 1388044306, '', NULL),
	('qt84shc9a1tpgblvkfpd0o93s4', 1387091737, '8d03aba22dbb3ff091b823d1eb7d07aa__id|s:3:"112";8d03aba22dbb3ff091b823d1eb7d07aa__name|s:5:"Guest";8d03aba22dbb3ff091b823d1eb7d07aa__states|a:0:{}', NULL),
	('quq0uud9o1ofplqc9408m0s3j5', 1388155660, '', NULL),
	('qv4vd0anp2c3keshbtev58q0m3', 1386944407, '', NULL),
	('r0me7stluvp561ifi4cu8o1j87', 1387835619, '', NULL),
	('r110tossri0u59dcl04kuot640', 1387493452, '', NULL),
	('r1utg7qmltqhnldnbhqi2ac036', 1387990856, '', NULL),
	('r2oc4okinmp608362eg5t5d574', 1387421273, '', NULL),
	('r3ce69rnvtlukjiovg987bfoa4', 1386672838, '', NULL),
	('r3d575shdrue8lb5tlpanhant7', 1386741170, '', NULL),
	('r3d7tifr91damq2sd2p8o1pps3', 1386335148, '', NULL),
	('r3k2nq27qcg5kq1ifo7usq7161', 1388717855, '', NULL),
	('r3o4bfn688pomnlpsfldegmn12', 1399170722, '', NULL),
	('r3qnncngfbnd9dgbaqh9pm8l40', 1387765384, '', NULL),
	('r583mbt2iqttn6d9jld3mf9n90', 1387787200, '', NULL),
	('r5ef0eijqnrpg0l55ueo4slus2', 1386669709, '', NULL),
	('r842c14obhij90svj2o2bcj7j0', 1388437587, '', NULL),
	('rag9b4nc50eu8g2ns007hh4da0', 1387929726, '', NULL),
	('rahd4uevveo14vmm096densal2', 1386188935, '', NULL),
	('rb63l0vfd6m02l1g18hdddffk2', 1386172327, '', NULL),
	('rcm4mb7al4bgda7ooofk5dima6', 1388413693, '', NULL),
	('rcp62grvmjucg82j2fcg7smfk3', 1402056229, 'vpa2Ge6gAfItOgDCVDm0IQMakyR29WMSdmWxUEJJyoQxEsTtASP7-h9yvld0dC15xnSGZBRhJOtISkhK4pzxyag6KSwi8CqiGDe4n7AUlqVn_OfaTsFJcRdj955R_XysHwCmV2oPi6aQlTV3nfjpHw..', NULL),
	('rcsgfb0ftbjc8647s95rcsaqr2', 1388678398, '', NULL),
	('ret4h80dft8tddmo7pgotgj9a1', 1386688608, '', NULL),
	('rf6qdk3atu2eq8coqj2mnl8n52', 1386457742, '8d03aba22dbb3ff091b823d1eb7d07aa__returnUrl|s:26:"/admin/managerCities/index";', NULL),
	('rfl2gn5sgi6a4qscbra7425952', 1386406725, '', NULL),
	('rfts1squp488ai7ifohpec6ft0', 1387764093, '', NULL),
	('rg488qdafm0hqc6tt3r606m7t0', 1386703534, '', NULL),
	('ri1fdbf5fgkr7l5cd07lhnpqq4', 1386401073, '', NULL),
	('ri1ra7g10n8dduki8p8l3jlu53', 1386164808, '', NULL),
	('rifkamjb1qijto9bmvg5mfn134', 1387743638, '', NULL),
	('rijn7j0fgtbia3qo8fsr76scl5', 1387387213, '', NULL),
	('riph8v9o4a1jgu2s839q9gae73', 1388457075, '', NULL),
	('riq05qhpcap2pci27fv09dcp43', 1386410547, '', NULL),
	('rj5sc0skr8i3dkfh4ohe4gs5j5', 1388693982, '', NULL),
	('rjgmbo4pch6vp1h0jgk6u8i155', 1388693980, '', NULL),
	('rjjg02f78bg6pq683no8891if7', 1387328634, '', NULL),
	('rkbcuaaadvthm0uvrcpv3jt220', 1387573925, '', NULL),
	('rnkkt3pvrqi9c0ocnk7920fig1', 1386589258, '', NULL),
	('rnpt8gqdu962c7g5b56sdvn3o6', 1387936101, '', NULL),
	('rpjug7ene3r9oa93mrjgft8uh6', 1387443168, '', NULL),
	('rqdu0bj4ffagrd5n4dq9rubf72', 1388693066, '', NULL),
	('rqiikh3usfp771vbpqltfsvbv2', 1386251015, '', NULL),
	('rqn0murklunagd08m5q75qai55', 1386977152, '', NULL),
	('rqq11mkacq6esqkgh30gmsk9a0', 1388182359, '', NULL),
	('ru6a70va7904qm0h3st0p4lqc7', 1388515025, '8d03aba22dbb3ff091b823d1eb7d07aa__id|s:2:"77";8d03aba22dbb3ff091b823d1eb7d07aa__name|s:5:"Guest";8d03aba22dbb3ff091b823d1eb7d07aa__states|a:0:{}', NULL),
	('rug65v6bfpcuepvpn2sllukoa2', 1387803283, '', NULL),
	('ruusp530pldsnndl8ph7ad82c3', 1386273255, '', NULL),
	('rvjq87rne3el64pd9ruutom9b5', 1388506130, '', NULL),
	('s0icltfto5tmc1mhqibkpvidu2', 1386674646, '', NULL),
	('s0tsq6opomcvpb5qad9g6g8614', 1386674055, '', NULL),
	('s1tfao5di8egqdpfj7vgr3t0u4', 1387028687, '', NULL),
	('s205njbb560fhi6hmeimheilg5', 1387856252, '', NULL),
	('s294hklbp63a004vduhdacsl03', 1386299144, '', NULL),
	('s2ov28p9o9jvhi0b0jkvtvoqc0', 1387534978, '', NULL),
	('s4kpnctep0ies3f1frsnha70v7', 1387705003, '', NULL),
	('s52md3kivn85nhhtc2dtef9ne0', 1386410923, '', NULL),
	('s62dvrmm850kbee5p1la1ausk4', 1386401078, '', NULL),
	('s6vmm9uu32q15r2vvl513idto7', 1388336131, '', NULL),
	('s7d5okuu2o3n2q2r83lo9fmqi2', 1387894183, '', NULL),
	('s7qv8212k4l7k84u7s2sh8ams0', 1386795208, '', NULL),
	('s9bl6pap1mmsg58br7crrb45j2', 1386675325, '', NULL),
	('s9hojj0iq09lksu0b2hgg8l8b7', 1388325696, '8d03aba22dbb3ff091b823d1eb7d07aa__id|s:2:"77";8d03aba22dbb3ff091b823d1eb7d07aa__name|s:5:"Guest";8d03aba22dbb3ff091b823d1eb7d07aa__states|a:0:{}', NULL),
	('s9v0ik1j0ig61ge8t1a1o37ke1', 1388413689, '', NULL),
	('sbui6p6js4n1dm1ek0g5qhn3f0', 1387713022, '', NULL),
	('sdamf867igvkgpd48qkkhncpf7', 1387577845, '', NULL),
	('sf4g52tur9ofv7fp75ojfrn3d2', 1388435101, '', NULL),
	('sfkh3mah0du1teccp0v4keeih2', 1387613985, '', NULL),
	('sfqs8ol9p3rvhphn68n66b59v4', 1388206440, '', NULL),
	('shom0a33lvn8ac3tatejms0jg6', 1402486811, '', NULL),
	('sialgjjf9dk13mncvak03qcg05', 1388133732, '', NULL),
	('sigbknc2o1gtka5ag03cv49c10', 1386408374, '', NULL),
	('sir77pdv8eageo0ranl8j9u5k0', 1387059032, '', NULL),
	('sjso1oe2sfv9rgrsnma3q6tba1', 1386252317, '', NULL),
	('skv7leh1gkb5edner5cbk05ap0', 1388717498, '', NULL),
	('sl95qcr50fa0jvj098k77e6ci5', 1386484909, '', NULL),
	('smhvmd509jrpl06k2qemj76s60', 1401716425, '', NULL),
	('soopmgb8eegch3ov0q84s00id7', 1387810286, '', NULL),
	('sp6he3j913op58gu35umdket32', 1386402524, '', NULL),
	('sp779pc1ddo5t2ddl416e0r365', 1388532163, '', NULL),
	('spbn6gnp8nt5ftgfa8pftmimh2', 1387112109, '', NULL),
	('srf9bo82rilfmea81pockppt41', 1387417958, '', NULL),
	('ssi6ja4cov7c66p42de9499ru4', 1386674969, '', NULL),
	('sss9ahg5oq7ndvpcokdhhe3ib2', 1387651499, '', NULL),
	('svkbisdfbuq53mh2uqr0oi6qn1', 1386688236, '', NULL),
	('t0vp2abtpvvfmrol3fhu048mm3', 1387953379, '', NULL),
	('t16bqd27p7obiemqfndn2rlbi0', 1386909089, '', NULL),
	('t1f4i26tlpmfkntir8k4ad24b0', 1386410024, '', NULL),
	('t1ki03gptvcu5v6j9d85nr0o02', 1387913865, '', NULL),
	('t25cbuqlecvh4id1p3q682eo83', 1388267365, '', NULL),
	('t3gbure022uiojq9g0sph355s2', 1388589884, '', NULL),
	('t3jnl0l0fnmjg036dm3mf0ifc1', 1388693975, '', NULL),
	('t4ec4em9b5q306fk0m821gm063', 1387412906, '', NULL),
	('t5ik98in7af7amcploi1658113', 1386667284, '', NULL),
	('t5kps0qeogv63ceqaflb3s4fp5', 1388485088, '', NULL),
	('t66sqlg61orn598vnmjct7p0g1', 1388570928, '', NULL),
	('t6nvf9qhbhr608be8017eni1m6', 1388634910, '', NULL),
	('t70gvsgtvhp8qkjo0aaldlgeg0', 1400495239, '', NULL),
	('t7hu6bojeok532q3dd0gv6ql77', 1387983060, '8d03aba22dbb3ff091b823d1eb7d07aa__returnUrl|s:25:"/admin/user/update?id=113";', NULL),
	('t855cmko7pjstn8ilsr49h6t52', 1388687836, '', NULL),
	('t8uamcq8utqtnppgeaka14kr72', 1388487174, '', NULL),
	('t918u5ke608uc2a2iv76dc4mq2', 1387641517, '', NULL),
	('td3a5fv8u7j0dmqv9dn8amaob5', 1388439436, '', NULL),
	('tft6igmt7atuhiiblgv2q43l05', 1388563052, '', NULL),
	('thgl2au462jj75dg365p9drij4', 1388069255, '', NULL),
	('tja5ks1o3om1v69no76g62t2c4', 1386326146, '8d03aba22dbb3ff091b823d1eb7d07aa__id|s:2:"85";8d03aba22dbb3ff091b823d1eb7d07aa__states|a:0:{}', NULL),
	('tm2qjjhs985c1fbhjvuc4c4t96', 1388594707, '8d03aba22dbb3ff091b823d1eb7d07aa__id|s:2:"77";8d03aba22dbb3ff091b823d1eb7d07aa__name|s:5:"Guest";8d03aba22dbb3ff091b823d1eb7d07aa__states|a:0:{}', NULL),
	('tne89ubsof49nfjmeeptangig3', 1386781591, '', NULL),
	('tnla9bpg04rrok7v70u192tsn0', 1387931084, '', NULL),
	('tnrquult5t6cds3qu8345ip0a3', 1387402045, '', NULL),
	('tohj9scvma681drpp6njvua1v3', 1388316384, '', NULL),
	('tq2h13g6nsscdtqvio7mgmofe2', 1386524163, '', NULL),
	('trn44s9ohtftpv3c4gm2t2i4l0', 1388224008, '', NULL),
	('tsb0fi1pjnt41i0cmsnntthqc3', 1388336996, '', NULL),
	('tsvq9i6c1l58dknsnohb34jbp2', 1388413691, '', NULL),
	('tu3hdtv791t60vo28fmbj0svp0', 1388417660, '', NULL),
	('u3n87sf8r4lhpgcgqvdba6m7t2', 1387649942, '', NULL),
	('u3t9jvo1h9jepsjbm62p57p7a6', 1387708615, '', NULL),
	('u42r6ocakrd5buhq1m7o7jf9e4', 1387652147, '8d03aba22dbb3ff091b823d1eb7d07aa__returnUrl|s:23:"/admin/injustices/index";', NULL),
	('u4he7oc4qaqqvt01cvmu835ml1', 1387011223, '', NULL),
	('u60qiuv6gjt834fc8n88f9afl4', 1400747166, '', NULL),
	('u7mj89ebcfihcljgkd41snnpp4', 1386646431, '', NULL),
	('u7vkj75hrjkfv8pbru0arj9n62', 1388450576, '', NULL),
	('u90thrbr4k6uav08k4ijbd1tn1', 1387953227, '', NULL),
	('u9jo3dona699m3cohg9d805oa0', 1387829837, '', NULL),
	('ual4vi9tg58pqt9t5le1cm0ql6', 1402479817, '', NULL),
	('uau0o4inu33astu72nftipbol5', 1404478298, '', NULL),
	('uav702o9argdbejmnlto22pmo2', 1397299527, '', NULL),
	('ubs0j6od2md3hjm3tnbqnb6lf5', 1386466032, '', NULL),
	('ucguhhb3h36hhqttqvnroo7l53', 1388490816, '', NULL),
	('ud3hkm2rl9l7mbfmbipkpfe1u1', 1388041849, '', NULL),
	('ud6tndrn30abfljiathtbbc8l4', 1386686381, '', NULL),
	('uden3e1s2ja5jujfbpmib5r7m4', 1386402077, '', NULL),
	('uf407q05sfhhsmgsdh2llomkl4', 1386690801, '', NULL),
	('ug533ahufjqs5i48jfdj46pvl5', 1386696846, '', NULL),
	('ugdt7h8og4v4cm9k9l206lhdr0', 1387951017, '8d03aba22dbb3ff091b823d1eb7d07aa__returnUrl|s:23:"/admin/injustices/index";', NULL),
	('uiq3qqrpaeo7mc4k1nbsh3ps93', 1387302823, '', NULL),
	('ukkmqiv1gjrm9n4npeplqgs2j6', 1387458302, '', NULL),
	('ul5lh01i84emj36di83s3j5un5', 1387561912, '', NULL),
	('ulr2i2eacco78imp749kibqnu5', 1388707943, '', NULL),
	('uneekr9kbfvlqjheripu0mb1e0', 1387455996, '', NULL),
	('uni2ru7frd8dinh7qkabpef7c2', 1386216710, '', NULL),
	('uni9ndkuq9jgnf2regumk6e1g0', 1387463329, '', NULL),
	('upfdfh9prbj52b19j0hbm6ooa4', 1387458298, '', NULL),
	('urr9q4lvgspl7f3ib4kts31j91', 1402312967, '', NULL),
	('urv2roir3h55596c4sueotd4k0', 1386631790, '', NULL),
	('us4vg2hq1190su1g87uuk7vp62', 1388262651, '8d03aba22dbb3ff091b823d1eb7d07aa__id|s:3:"114";8d03aba22dbb3ff091b823d1eb7d07aa__name|s:5:"Guest";8d03aba22dbb3ff091b823d1eb7d07aa__states|a:0:{}', NULL),
	('usain5juucp5mkrfsunv28unf7', 1387918340, '', NULL),
	('uuthstgkevp52kkttn00h16b34', 1388569375, '', NULL),
	('uvrnmgn37k9bvn8te158tj11c6', 1387712067, '', NULL),
	('v0c9rmgj57ppgsea7pheji1ni4', 1388219333, '', NULL),
	('v1n5chph9t8vv07elg3m7fhhs0', 1386474538, '', NULL),
	('v2bhbfln28dtbjcnfij50scgu7', 1388612498, '', NULL),
	('v31nbgsui49tcunkk5pbqh5db6', 1387619348, '', NULL),
	('v3hptjqkhib0e10evn401hs8f7', 1400653075, '22WKG1jDZWt8BTf_dZKub2ulGWEpBo7-AfBhdRm2_0oGcuF7n-JKdzqME4t7Btn9gwHc0dWtzZ8ZUmwAK2s4xdea00UcPZkNRWIZBsuxA_vPqsGIuplSoGNLVkXWOpK98gUA28aWFLAh9m5cwCX_tP_ewzYT_sSAxZpl1VHM-7Fwy2J_m9qgnTmSXaev3Y2oEv27SDNfNe4lRXKAWIVPDUAZYkrAYmn8Vdh0cvvMeD9nv0dBm4FNZXR5lWSvfqKmu3-OenWtzO6HI1uUvb_I7c7oHtP1uO9xAKPJeHOiOo9qGHzpu2xYrWa2HvRwBAkZ', NULL),
	('v3iei14esl6svsd4d4dld7s970', 1387762836, '', NULL),
	('v3j5458afck51oks8lbq2cut77', 1386745684, '', NULL),
	('v3u9gqitdp0884od0dq8vijhv4', 1388406857, '', NULL),
	('v52cefr8cmfli185dvu1ulvsi7', 1387838737, '', NULL),
	('v54lho3vkv3d5vlnddcm5kc1g2', 1388061308, '', NULL),
	('v5d1l89tk2vq7ach4civbn8it5', 1387196636, '', NULL),
	('v6hqsvm23icpkdgi38imb79ej4', 1387611617, '', NULL),
	('v7s6us5m11n7lnf0ipf9vpar35', 1387479693, '', NULL),
	('v9mgbtosvlvd0mbmm58qo33i23', 1388192702, '', NULL),
	('vaheabgbovq34la2i0kqgu8kk6', 1400623448, 'WcB4s1qhmkqlrzbWXvNOCzD6uvpJVvOCh3LRX3ktkV9FtF2vp7nels-zDvOcbpMZk_8QVE4OU15t6jo8O2MbsoQvPeHhKzg6jl6gZ9LrZLogA2hFZxPqH5s_9mQo03-L8XLJZTNTDRLkYAD1mtd5S0X0LDzoY6XnIsZVxgZynqS4nmvr9EurmlVptqm8Rf0kcn_LrAafkNYcwq0kN6Ur6iNhggke1LY4j2a9DzJVBmoHMTIxrgPnMzqGJyU9afmVBd024Iof7m5xnSLwW6rS-mj6BsOadwIVJyUJ7Lb5HFAwhYepNM5Alm2qpZWsBaNM', NULL),
	('var9jft5dvvf64lmreltrbusi5', 1387403856, '', NULL),
	('vbjdt5vf18nt37q8sf320kkei4', 1386959817, '8d03aba22dbb3ff091b823d1eb7d07aa__id|s:2:"77";8d03aba22dbb3ff091b823d1eb7d07aa__name|s:5:"Guest";8d03aba22dbb3ff091b823d1eb7d07aa__states|a:0:{}', NULL),
	('vckn0hm50co534o47qmtnkrjs3', 1386403299, '', NULL),
	('vcva3f24eor4u60ep46duc5dn0', 1387012983, '8d03aba22dbb3ff091b823d1eb7d07aa__id|s:2:"77";8d03aba22dbb3ff091b823d1eb7d07aa__states|a:0:{}', NULL),
	('ve3mf66gcno5t9r81k05rpgnb5', 1386247639, '', NULL),
	('vfrj004t1e3mdsmdi5vbi5mo83', 1386410549, '', NULL),
	('vg0mkei5sbs6pn9kshbrhoimp3', 1387055204, '', NULL),
	('vh3bo76l8a0m7pnfhq7p8tvbs2', 1387281736, '', NULL),
	('vhagljo91118lqcbhaa27r4tl2', 1386418115, '8d03aba22dbb3ff091b823d1eb7d07aa__returnUrl|s:17:"/admin/user/index";', NULL),
	('vhc1tvme8g8tgdoi2t6jb3p6i2', 1386650237, '', NULL),
	('vhn5e0g1qrtuln7qdchjrf7j71', 1387794402, '', NULL),
	('vj648cd0nri26ol319qu8bv7j2', 1387649794, '', NULL),
	('vkmtv61cbqr09j9v98qnn71dj1', 1386357647, '', NULL),
	('vm63d33jvqqlof61onr5oj3nr6', 1387878833, '', NULL),
	('vngafep14bvtcsk9hat58ho774', 1388676004, '', NULL),
	('vpnjpta0cho1c1opqdtkp0qg80', 1387814446, '', NULL),
	('vr97hss611fihqtmlonc57sl63', 1399909458, 'JCrik8gJnqCNyESD-pc7IKG4sVx42tAbwcoPH_KajHWvp5x0WWPHh1A83vKEDTu71whkN3DJSLrr1i_WVee93RKCDZHZmb7F80FeEYEQ-J21jvSstK2NUrCuwMYzgZba', NULL),
	('vrjqq0f9bhmtej8gmn6njhj626', 1386401076, '', NULL),
	('vupdq1pdd7v0776cmtvfgtbcl0', 1387342760, '', NULL),
	('vv2vcb4k9pb8i5dssbgdlct6a4', 1388591107, '8d03aba22dbb3ff091b823d1eb7d07aa__id|s:2:"77";8d03aba22dbb3ff091b823d1eb7d07aa__name|s:5:"Guest";8d03aba22dbb3ff091b823d1eb7d07aa__states|a:0:{}', NULL),
	('vv7m40gneibfes8ibbr95dpf22', 1387771524, '', NULL),
	('vvgdnlaodmoh7ukjhlrcibd0f6', 1386620724, '', NULL);
/*!40000 ALTER TABLE `yii_sessions` ENABLE KEYS */;


-- Дамп структуры для таблица cinema.yii_ticket
CREATE TABLE IF NOT EXISTS `yii_ticket` (
  `id` int(10) unsigned NOT NULL AUTO_INCREMENT,
  `hash` varchar(128) NOT NULL,
  `cinema_id` int(10) unsigned DEFAULT NULL,
  `date` datetime DEFAULT NULL,
  `cinema_hall_id` int(10) unsigned DEFAULT NULL,
  `movie_id` int(10) unsigned DEFAULT NULL,
  `seance_id` int(10) unsigned DEFAULT NULL,
  `seance_place_id` int(10) unsigned DEFAULT NULL,
  `cinema_title` varchar(255) NOT NULL,
  `cinema_hall_title` varchar(255) NOT NULL,
  `movie_title` varchar(255) NOT NULL,
  `seance_date` datetime NOT NULL,
  `seance_place` char(255) NOT NULL,
  PRIMARY KEY (`id`),
  UNIQUE KEY `hash` (`hash`),
  KEY `fk_cinema_indx2` (`cinema_id`),
  KEY `fk_cinema_hall_indx3` (`cinema_hall_id`),
  KEY `fk_movie_indx2` (`movie_id`),
  KEY `fk_seance_indx2` (`seance_id`),
  KEY `fk_seance_place_indx2` (`seance_place_id`),
  CONSTRAINT `fk_cinema_hall_indx3` FOREIGN KEY (`cinema_hall_id`) REFERENCES `yii_cinema_hall` (`id`) ON DELETE SET NULL ON UPDATE SET NULL,
  CONSTRAINT `fk_cinema_indx2` FOREIGN KEY (`cinema_id`) REFERENCES `yii_cinema` (`id`) ON DELETE SET NULL ON UPDATE SET NULL,
  CONSTRAINT `fk_movie_indx2` FOREIGN KEY (`movie_id`) REFERENCES `yii_movie` (`id`) ON DELETE SET NULL ON UPDATE SET NULL,
  CONSTRAINT `fk_seance_indx2` FOREIGN KEY (`seance_id`) REFERENCES `yii_seance` (`id`) ON DELETE SET NULL ON UPDATE SET NULL,
  CONSTRAINT `fk_seance_place_indx2` FOREIGN KEY (`seance_place_id`) REFERENCES `yii_seance_place` (`id`) ON DELETE SET NULL ON UPDATE SET NULL
) ENGINE=InnoDB AUTO_INCREMENT=5 DEFAULT CHARSET=utf8;

-- Дамп данных таблицы cinema.yii_ticket: ~0 rows (приблизительно)
/*!40000 ALTER TABLE `yii_ticket` DISABLE KEYS */;
/*!40000 ALTER TABLE `yii_ticket` ENABLE KEYS */;
/*!40101 SET SQL_MODE=IFNULL(@OLD_SQL_MODE, '') */;
/*!40014 SET FOREIGN_KEY_CHECKS=IF(@OLD_FOREIGN_KEY_CHECKS IS NULL, 1, @OLD_FOREIGN_KEY_CHECKS) */;
/*!40101 SET CHARACTER_SET_CLIENT=@OLD_CHARACTER_SET_CLIENT */;
